코드관리,,,,,,,,,,,,,
그룹코드,코드명,그룹디스플레이순서,코드디스플레이순서,,,,,,,,,,
운영 SW,Windows XP,1,1,,,,,,,,,,
운영 SW,Windows 7,1,2,,,,,,,,,,
운영 SW,Windows 10,1,3,,,,,,,,,,
운영 SW,Windows Server 2019,1,4,,,,,,,,,,
메시지 프로토콜,Hyosung TNS 社: ATM Middleware,2,1,,,,,,,,,,
메시지 프로토콜,ACI Worldwide 社: BASE24-eps,2,2,,,,,,,,,,
메시지 프로토콜,Mastercard 社: Electra EFT Switch,2,3,,,,,,,,,,
메시지 프로토콜,"FSS 社: Tango (NDC,NDC+, DDC)",2,4,,,,,,,,,,
메시지 프로토콜,OpenWay 社: WAY4 Switch,2,5,,,,,,,,,,
메시지 프로토콜,KAL Software 社: Kalignite Terminal Controller (KTC),2,6,,,,,,,,,,
메시지 프로토콜,GRGBanking 社: Smart ATM Suite (SAMS),2,7,,,,,,,,,,
호스트/서버 SW,전체,3,,,,,,,,,,,
네트워크 중앙 HW,Cisco ISE,4,1,,,,,,,,,,
네트워크 중앙 HW,FortiNAC,4,2,,,,,,,,,,
네트워크 중앙 HW,Aruba ClearPass,4,3,,,,,,,,,,
관리/모니터링 SW,효성TNS 社: ATM 통합관리솔루션,5,1,,,,,,,,,,
관리/모니터링 SW,DN 社: ProView,5,2,,,,,,,,,,
관리/모니터링 SW,FSS 社: FSS SwiftReach,5,3,,,,,,,,,,
관리/모니터링 SW,Integrated Reasech 社: Prognosis,5,4,,,,,,,,,,
관리/모니터링 SW,NCR 社: NCR APTRA Vision,5,5,,,,,,,,,,
관리/모니터링 SW,KAL 社: KAL Kalignite NDC,5,6,,,,,,,,,,
관리/모니터링 SW,FIS Global 社: FIS ATM Management Suite,5,7,,,,,,,,,,
원격 SW 배포,Proprietary,6,1,,,,,,,,,,
현금 예측/관리 SW,NCR 社: NCR OptiCash,7,1,,,,,,,,,,
현금 예측/관리 SW,DN 社: Vynamic Cash Management,7,2,,,,,,,,,,
현금 예측/관리 SW,S2 Systems 社: S2 Cash Forecasting,7,3,,,,,,,,,,
현금 예측/관리 SW,FSS 社: FSS Cash Management Suite,7,4,,,,,,,,,,
현금 예측/관리 SW,OpenWay 社: OpenWay WAY4 CashFlow,7,5,,,,,,,,,,
CRM/광고/마케팅 SW,전체,8,1,,,,,,,,,,
전용 ATM 보안 SW,Multiple Solution (OEM Supplied),9,1,,,,,,,,,,
응용 SW,Hyosung TNS 社: CMS(BlueVerse),10,1,,,,,,,,,,
응용 SW,"DN 社: Agilis EmPower, ProCash",10,2,,,,,,,,,,
응용 SW,NCR 社: NDC Enterprise,10,3,,,,,,,,,,
응용 SW,KAL 社: Kalignite Advanced ATM,10,4,,,,,,,,,,
응용 SW,FSS 社: FSS Teller,10,5,,,,,,,,,,
,,,,,,,,,,,,,
고객정보,,,,,,,,,,,,,
국가,고객,디스플레이순서,,,,,,,,,,,
미국,Bank of America,1,,,,,,,,,,,
미국,Citibank,2,,,,,,,,,,,
미국,U.S. Bank,3,,,,,,,,,,,
영국,HSBC,4,,,,,,,,,,,
영국,Lloyds Bank,5,,,,,,,,,,,
인도,State Bank of India,6,,,,,,,,,,,
인도,HDFC Bank,7,,,,,,,,,,,
독일,Deutsche Bank,8,,,,,,,,,,,
,,,,,,,,,,,,,
공급업체,,,,,,,,,,,,,
공급업체명,디스플레이 순서,,,,,,,,,,,,
Hyosung TNS,1,,,,,,,,,,,,
Diebold Nixdorf,2,,,,,,,,,,,,
Lipi Data System,3,,,,,,,,,,,,
NCR,4,,,,,,,,,,,,
,,,,,,,,,,,,,
공급업체 상세,,,,,,,,,,,,,
공급업체명,운영 SW,메시지 프로토콜,호스트/서버 SW,네트워크 중앙 HW,관리/모니터링 SW,원격 SW 배포,현금 예측/관리 SW,CRM/광고/마케팅 SW,전용 ATM 보안 SW,응용 SW,국가,고객,납품대수
Diebold Nixdorf,Windows XP,ACI Worldwide 社: BASE24-eps,,,DN 社: ProView,Proprietary,,,Multiple Solution (OEM Supplied),"DN 社: Agilis EmPower, ProCash",미국,Bank of America,23
Diebold Nixdorf,Windows 7,ACI Worldwide 社: BASE24-eps,,,DN 社: ProView,Proprietary,,,Multiple Solution (OEM Supplied),"DN 社: Agilis EmPower, ProCash",미국,Bank of America,17
Diebold Nixdorf,Windows 10,ACI Worldwide 社: BASE24-eps,,,DN 社: ProView,Proprietary,,,Multiple Solution (OEM Supplied),"DN 社: Agilis EmPower, ProCash",미국,Bank of America,14
Diebold Nixdorf,Windows Server 2019,ACI Worldwide 社: BASE24-eps,,,DN 社: ProView,Proprietary,,,Multiple Solution (OEM Supplied),"DN 社: Agilis EmPower, ProCash",미국,Bank of America,21
Diebold Nixdorf,Windows XP,ACI Worldwide 社: BASE24-eps,,,DN 社: ProView,Proprietary,,,Multiple Solution (OEM Supplied),"DN 社: Agilis EmPower, ProCash",미국,Citibank,18
Diebold Nixdorf,Windows 7,ACI Worldwide 社: BASE24-eps,,,DN 社: ProView,Proprietary,,,Multiple Solution (OEM Supplied),"DN 社: Agilis EmPower, ProCash",미국,Citibank,20
Diebold Nixdorf,Windows 10,ACI Worldwide 社: BASE24-eps,,,DN 社: ProView,Proprietary,,,Multiple Solution (OEM Supplied),"DN 社: Agilis EmPower, ProCash",미국,Citibank,22
Diebold Nixdorf,Windows Server 2019,ACI Worldwide 社: BASE24-eps,,,DN 社: ProView,Proprietary,,,Multiple Solution (OEM Supplied),"DN 社: Agilis EmPower, ProCash",미국,Citibank,24
Diebold Nixdorf,Windows XP,ACI Worldwide 社: BASE24-eps,,,DN 社: ProView,Proprietary,,,Multiple Solution (OEM Supplied),"DN 社: Agilis EmPower, ProCash",미국,U.S. Bank,26
Diebold Nixdorf,Windows 7,ACI Worldwide 社: BASE24-eps,,,DN 社: ProView,Proprietary,,,Multiple Solution (OEM Supplied),"DN 社: Agilis EmPower, ProCash",미국,U.S. Bank,28
Diebold Nixdorf,Windows 10,ACI Worldwide 社: BASE24-eps,,,DN 社: ProView,Proprietary,,,Multiple Solution (OEM Supplied),"DN 社: Agilis EmPower, ProCash",미국,U.S. Bank,30
Diebold Nixdorf,Windows Server 2019,ACI Worldwide 社: BASE24-eps,,,DN 社: ProView,Proprietary,,,Multiple Solution (OEM Supplied),"DN 社: Agilis EmPower, ProCash",미국,U.S. Bank,32
Diebold Nixdorf,Windows XP,"FSS 社: Tango (NDC,NDC+, DDC)",,,DN 社: ProView,Proprietary,,,Multiple Solution (OEM Supplied),"DN 社: Agilis EmPower, ProCash",미국,Bank of America,34
Diebold Nixdorf,Windows 7,"FSS 社: Tango (NDC,NDC+, DDC)",,,DN 社: ProView,Proprietary,,,Multiple Solution (OEM Supplied),"DN 社: Agilis EmPower, ProCash",미국,Bank of America,36
Diebold Nixdorf,Windows 10,"FSS 社: Tango (NDC,NDC+, DDC)",,,DN 社: ProView,Proprietary,,,Multiple Solution (OEM Supplied),"DN 社: Agilis EmPower, ProCash",미국,Bank of America,38
Diebold Nixdorf,Windows Server 2019,"FSS 社: Tango (NDC,NDC+, DDC)",,,DN 社: ProView,Proprietary,,,Multiple Solution (OEM Supplied),"DN 社: Agilis EmPower, ProCash",미국,Bank of America,40
Diebold Nixdorf,Windows XP,"FSS 社: Tango (NDC,NDC+, DDC)",,,DN 社: ProView,Proprietary,,,Multiple Solution (OEM Supplied),"DN 社: Agilis EmPower, ProCash",미국,Citibank,42
Diebold Nixdorf,Windows 7,"FSS 社: Tango (NDC,NDC+, DDC)",,,DN 社: ProView,Proprietary,,,Multiple Solution (OEM Supplied),"DN 社: Agilis EmPower, ProCash",미국,Citibank,44
Diebold Nixdorf,Windows 10,"FSS 社: Tango (NDC,NDC+, DDC)",,,DN 社: ProView,Proprietary,,,Multiple Solution (OEM Supplied),"DN 社: Agilis EmPower, ProCash",미국,Citibank,46
Diebold Nixdorf,Windows Server 2019,"FSS 社: Tango (NDC,NDC+, DDC)",,,DN 社: ProView,Proprietary,,,Multiple Solution (OEM Supplied),"DN 社: Agilis EmPower, ProCash",미국,Citibank,48
Diebold Nixdorf,Windows XP,"FSS 社: Tango (NDC,NDC+, DDC)",,,DN 社: ProView,Proprietary,,,Multiple Solution (OEM Supplied),"DN 社: Agilis EmPower, ProCash",미국,U.S. Bank,50
Diebold Nixdorf,Windows 7,"FSS 社: Tango (NDC,NDC+, DDC)",,,DN 社: ProView,Proprietary,,,Multiple Solution (OEM Supplied),"DN 社: Agilis EmPower, ProCash",미국,U.S. Bank,52
Diebold Nixdorf,Windows 10,"FSS 社: Tango (NDC,NDC+, DDC)",,,DN 社: ProView,Proprietary,,,Multiple Solution (OEM Supplied),"DN 社: Agilis EmPower, ProCash",미국,U.S. Bank,54
Diebold Nixdorf,Windows Server 2019,"FSS 社: Tango (NDC,NDC+, DDC)",,,DN 社: ProView,Proprietary,,,Multiple Solution (OEM Supplied),"DN 社: Agilis EmPower, ProCash",미국,U.S. Bank,56
Diebold Nixdorf,Windows XP,Mastercard 社: Electra EFT Switch,,,DN 社: ProView,Proprietary,,,Multiple Solution (OEM Supplied),"DN 社: Agilis EmPower, ProCash",미국,Bank of America,58
Diebold Nixdorf,Windows 7,Mastercard 社: Electra EFT Switch,,,DN 社: ProView,Proprietary,,,Multiple Solution (OEM Supplied),"DN 社: Agilis EmPower, ProCash",미국,Bank of America,60
Diebold Nixdorf,Windows 10,Mastercard 社: Electra EFT Switch,,,DN 社: ProView,Proprietary,,,Multiple Solution (OEM Supplied),"DN 社: Agilis EmPower, ProCash",미국,Bank of America,62
Diebold Nixdorf,Windows Server 2019,Mastercard 社: Electra EFT Switch,,,DN 社: ProView,Proprietary,,,Multiple Solution (OEM Supplied),"DN 社: Agilis EmPower, ProCash",미국,Bank of America,64
Diebold Nixdorf,Windows XP,Mastercard 社: Electra EFT Switch,,,DN 社: ProView,Proprietary,,,Multiple Solution (OEM Supplied),"DN 社: Agilis EmPower, ProCash",미국,Citibank,11
Diebold Nixdorf,Windows 7,Mastercard 社: Electra EFT Switch,,,DN 社: ProView,Proprietary,,,Multiple Solution (OEM Supplied),"DN 社: Agilis EmPower, ProCash",미국,Citibank,13
Diebold Nixdorf,Windows 10,Mastercard 社: Electra EFT Switch,,,DN 社: ProView,Proprietary,,,Multiple Solution (OEM Supplied),"DN 社: Agilis EmPower, ProCash",미국,Citibank,25
Diebold Nixdorf,Windows Server 2019,Mastercard 社: Electra EFT Switch,,,DN 社: ProView,Proprietary,,,Multiple Solution (OEM Supplied),"DN 社: Agilis EmPower, ProCash",미국,Citibank,27
Diebold Nixdorf,Windows XP,Mastercard 社: Electra EFT Switch,,,DN 社: ProView,Proprietary,,,Multiple Solution (OEM Supplied),"DN 社: Agilis EmPower, ProCash",미국,U.S. Bank,24
Diebold Nixdorf,Windows 7,Mastercard 社: Electra EFT Switch,,,DN 社: ProView,Proprietary,,,Multiple Solution (OEM Supplied),"DN 社: Agilis EmPower, ProCash",미국,U.S. Bank,21
Diebold Nixdorf,Windows 10,Mastercard 社: Electra EFT Switch,,,DN 社: ProView,Proprietary,,,Multiple Solution (OEM Supplied),"DN 社: Agilis EmPower, ProCash",미국,U.S. Bank,23
Diebold Nixdorf,Windows Server 2019,Mastercard 社: Electra EFT Switch,,,DN 社: ProView,Proprietary,,,Multiple Solution (OEM Supplied),"DN 社: Agilis EmPower, ProCash",미국,U.S. Bank,25
Diebold Nixdorf,Windows XP,ACI Worldwide 社: BASE24-eps,,,DN 社: ProView,Proprietary,,,Multiple Solution (OEM Supplied),"DN 社: Agilis EmPower, ProCash",인도,State Bank of India,27
Diebold Nixdorf,Windows 7,ACI Worldwide 社: BASE24-eps,,,DN 社: ProView,Proprietary,,,Multiple Solution (OEM Supplied),"DN 社: Agilis EmPower, ProCash",인도,State Bank of India,29
Diebold Nixdorf,Windows 10,ACI Worldwide 社: BASE24-eps,,,DN 社: ProView,Proprietary,,,Multiple Solution (OEM Supplied),"DN 社: Agilis EmPower, ProCash",인도,State Bank of India,31
Diebold Nixdorf,Windows Server 2019,ACI Worldwide 社: BASE24-eps,,,DN 社: ProView,Proprietary,,,Multiple Solution (OEM Supplied),"DN 社: Agilis EmPower, ProCash",인도,State Bank of India,33
Diebold Nixdorf,Windows XP,ACI Worldwide 社: BASE24-eps,,,DN 社: ProView,Proprietary,,,Multiple Solution (OEM Supplied),"DN 社: Agilis EmPower, ProCash",인도,HDFC Bank,35
Diebold Nixdorf,Windows 7,ACI Worldwide 社: BASE24-eps,,,DN 社: ProView,Proprietary,,,Multiple Solution (OEM Supplied),"DN 社: Agilis EmPower, ProCash",인도,HDFC Bank,37
Diebold Nixdorf,Windows 10,ACI Worldwide 社: BASE24-eps,,,DN 社: ProView,Proprietary,,,Multiple Solution (OEM Supplied),"DN 社: Agilis EmPower, ProCash",인도,HDFC Bank,39
Diebold Nixdorf,Windows Server 2019,ACI Worldwide 社: BASE24-eps,,,DN 社: ProView,Proprietary,,,Multiple Solution (OEM Supplied),"DN 社: Agilis EmPower, ProCash",인도,HDFC Bank,41
Diebold Nixdorf,Windows XP,"FSS 社: Tango (NDC,NDC+, DDC)",,,DN 社: ProView,Proprietary,,,Multiple Solution (OEM Supplied),"DN 社: Agilis EmPower, ProCash",인도,State Bank of India,43
Diebold Nixdorf,Windows 7,"FSS 社: Tango (NDC,NDC+, DDC)",,,DN 社: ProView,Proprietary,,,Multiple Solution (OEM Supplied),"DN 社: Agilis EmPower, ProCash",인도,State Bank of India,45
Diebold Nixdorf,Windows 10,"FSS 社: Tango (NDC,NDC+, DDC)",,,DN 社: ProView,Proprietary,,,Multiple Solution (OEM Supplied),"DN 社: Agilis EmPower, ProCash",인도,State Bank of India,47
Diebold Nixdorf,Windows Server 2019,"FSS 社: Tango (NDC,NDC+, DDC)",,,DN 社: ProView,Proprietary,,,Multiple Solution (OEM Supplied),"DN 社: Agilis EmPower, ProCash",인도,State Bank of India,49
Diebold Nixdorf,Windows XP,"FSS 社: Tango (NDC,NDC+, DDC)",,,DN 社: ProView,Proprietary,,,Multiple Solution (OEM Supplied),"DN 社: Agilis EmPower, ProCash",인도,HDFC Bank,83
Diebold Nixdorf,Windows 7,"FSS 社: Tango (NDC,NDC+, DDC)",,,DN 社: ProView,Proprietary,,,Multiple Solution (OEM Supplied),"DN 社: Agilis EmPower, ProCash",인도,HDFC Bank,47
Diebold Nixdorf,Windows 10,"FSS 社: Tango (NDC,NDC+, DDC)",,,DN 社: ProView,Proprietary,,,Multiple Solution (OEM Supplied),"DN 社: Agilis EmPower, ProCash",인도,HDFC Bank,29
Diebold Nixdorf,Windows Server 2019,"FSS 社: Tango (NDC,NDC+, DDC)",,,DN 社: ProView,Proprietary,,,Multiple Solution (OEM Supplied),"DN 社: Agilis EmPower, ProCash",인도,HDFC Bank,23
Diebold Nixdorf,Windows XP,Mastercard 社: Electra EFT Switch,,,DN 社: ProView,Proprietary,,,Multiple Solution (OEM Supplied),"DN 社: Agilis EmPower, ProCash",인도,State Bank of India,17
Diebold Nixdorf,Windows 7,Mastercard 社: Electra EFT Switch,,,DN 社: ProView,Proprietary,,,Multiple Solution (OEM Supplied),"DN 社: Agilis EmPower, ProCash",인도,State Bank of India,21
Diebold Nixdorf,Windows 10,Mastercard 社: Electra EFT Switch,,,DN 社: ProView,Proprietary,,,Multiple Solution (OEM Supplied),"DN 社: Agilis EmPower, ProCash",인도,State Bank of India,23
Diebold Nixdorf,Windows Server 2019,Mastercard 社: Electra EFT Switch,,,DN 社: ProView,Proprietary,,,Multiple Solution (OEM Supplied),"DN 社: Agilis EmPower, ProCash",인도,State Bank of India,31
Diebold Nixdorf,Windows XP,Mastercard 社: Electra EFT Switch,,,DN 社: ProView,Proprietary,,,Multiple Solution (OEM Supplied),"DN 社: Agilis EmPower, ProCash",인도,HDFC Bank,33
Diebold Nixdorf,Windows 7,Mastercard 社: Electra EFT Switch,,,DN 社: ProView,Proprietary,,,Multiple Solution (OEM Supplied),"DN 社: Agilis EmPower, ProCash",인도,HDFC Bank,37
Diebold Nixdorf,Windows 10,Mastercard 社: Electra EFT Switch,,,DN 社: ProView,Proprietary,,,Multiple Solution (OEM Supplied),"DN 社: Agilis EmPower, ProCash",인도,HDFC Bank,41
Diebold Nixdorf,Windows Server 2019,Mastercard 社: Electra EFT Switch,,,DN 社: ProView,Proprietary,,,Multiple Solution (OEM Supplied),"DN 社: Agilis EmPower, ProCash",인도,HDFC Bank,45
Diebold Nixdorf,Windows XP,ACI Worldwide 社: BASE24-eps,,,DN 社: ProView,Proprietary,,,Multiple Solution (OEM Supplied),"DN 社: Agilis EmPower, ProCash",영국,Lloyds Bank,49
Diebold Nixdorf,Windows 7,ACI Worldwide 社: BASE24-eps,,,DN 社: ProView,Proprietary,,,Multiple Solution (OEM Supplied),"DN 社: Agilis EmPower, ProCash",영국,Lloyds Bank,53
Diebold Nixdorf,Windows 10,ACI Worldwide 社: BASE24-eps,,,DN 社: ProView,Proprietary,,,Multiple Solution (OEM Supplied),"DN 社: Agilis EmPower, ProCash",영국,Lloyds Bank,57
Diebold Nixdorf,Windows Server 2019,ACI Worldwide 社: BASE24-eps,,,DN 社: ProView,Proprietary,,,Multiple Solution (OEM Supplied),"DN 社: Agilis EmPower, ProCash",영국,Lloyds Bank,61
Diebold Nixdorf,Windows XP,ACI Worldwide 社: BASE24-eps,,,DN 社: ProView,Proprietary,,,Multiple Solution (OEM Supplied),"DN 社: Agilis EmPower, ProCash",영국,HSBC,65
Diebold Nixdorf,Windows 7,ACI Worldwide 社: BASE24-eps,,,DN 社: ProView,Proprietary,,,Multiple Solution (OEM Supplied),"DN 社: Agilis EmPower, ProCash",영국,HSBC,69
Diebold Nixdorf,Windows 10,ACI Worldwide 社: BASE24-eps,,,DN 社: ProView,Proprietary,,,Multiple Solution (OEM Supplied),"DN 社: Agilis EmPower, ProCash",영국,HSBC,73
Diebold Nixdorf,Windows Server 2019,ACI Worldwide 社: BASE24-eps,,,DN 社: ProView,Proprietary,,,Multiple Solution (OEM Supplied),"DN 社: Agilis EmPower, ProCash",영국,HSBC,77
Diebold Nixdorf,Windows XP,"FSS 社: Tango (NDC,NDC+, DDC)",,,DN 社: ProView,Proprietary,,,Multiple Solution (OEM Supplied),"DN 社: Agilis EmPower, ProCash",영국,Lloyds Bank,81
Diebold Nixdorf,Windows 7,"FSS 社: Tango (NDC,NDC+, DDC)",,,DN 社: ProView,Proprietary,,,Multiple Solution (OEM Supplied),"DN 社: Agilis EmPower, ProCash",영국,Lloyds Bank,85
Diebold Nixdorf,Windows 10,"FSS 社: Tango (NDC,NDC+, DDC)",,,DN 社: ProView,Proprietary,,,Multiple Solution (OEM Supplied),"DN 社: Agilis EmPower, ProCash",영국,Lloyds Bank,89
Diebold Nixdorf,Windows Server 2019,"FSS 社: Tango (NDC,NDC+, DDC)",,,DN 社: ProView,Proprietary,,,Multiple Solution (OEM Supplied),"DN 社: Agilis EmPower, ProCash",영국,Lloyds Bank,93
Diebold Nixdorf,Windows XP,"FSS 社: Tango (NDC,NDC+, DDC)",,,DN 社: ProView,Proprietary,,,Multiple Solution (OEM Supplied),"DN 社: Agilis EmPower, ProCash",영국,HSBC,97
Diebold Nixdorf,Windows 7,"FSS 社: Tango (NDC,NDC+, DDC)",,,DN 社: ProView,Proprietary,,,Multiple Solution (OEM Supplied),"DN 社: Agilis EmPower, ProCash",영국,HSBC,101
Diebold Nixdorf,Windows 10,"FSS 社: Tango (NDC,NDC+, DDC)",,,DN 社: ProView,Proprietary,,,Multiple Solution (OEM Supplied),"DN 社: Agilis EmPower, ProCash",영국,HSBC,105
Diebold Nixdorf,Windows Server 2019,"FSS 社: Tango (NDC,NDC+, DDC)",,,DN 社: ProView,Proprietary,,,Multiple Solution (OEM Supplied),"DN 社: Agilis EmPower, ProCash",영국,HSBC,109
Diebold Nixdorf,Windows XP,Mastercard 社: Electra EFT Switch,,,DN 社: ProView,Proprietary,,,Multiple Solution (OEM Supplied),"DN 社: Agilis EmPower, ProCash",영국,Lloyds Bank,113
Diebold Nixdorf,Windows 7,Mastercard 社: Electra EFT Switch,,,DN 社: ProView,Proprietary,,,Multiple Solution (OEM Supplied),"DN 社: Agilis EmPower, ProCash",영국,Lloyds Bank,117
Diebold Nixdorf,Windows 10,Mastercard 社: Electra EFT Switch,,,DN 社: ProView,Proprietary,,,Multiple Solution (OEM Supplied),"DN 社: Agilis EmPower, ProCash",영국,Lloyds Bank,41
Diebold Nixdorf,Windows Server 2019,Mastercard 社: Electra EFT Switch,,,DN 社: ProView,Proprietary,,,Multiple Solution (OEM Supplied),"DN 社: Agilis EmPower, ProCash",영국,Lloyds Bank,42
Diebold Nixdorf,Windows XP,Mastercard 社: Electra EFT Switch,,,DN 社: ProView,Proprietary,,,Multiple Solution (OEM Supplied),"DN 社: Agilis EmPower, ProCash",영국,HSBC,43
Diebold Nixdorf,Windows 7,Mastercard 社: Electra EFT Switch,,,DN 社: ProView,Proprietary,,,Multiple Solution (OEM Supplied),"DN 社: Agilis EmPower, ProCash",영국,HSBC,44
Diebold Nixdorf,Windows 10,Mastercard 社: Electra EFT Switch,,,DN 社: ProView,Proprietary,,,Multiple Solution (OEM Supplied),"DN 社: Agilis EmPower, ProCash",영국,HSBC,37
Diebold Nixdorf,Windows Server 2019,Mastercard 社: Electra EFT Switch,,,DN 社: ProView,Proprietary,,,Multiple Solution (OEM Supplied),"DN 社: Agilis EmPower, ProCash",영국,HSBC,39
Diebold Nixdorf,Windows XP,ACI Worldwide 社: BASE24-eps,,,DN 社: ProView,Proprietary,,,Multiple Solution (OEM Supplied),"DN 社: Agilis EmPower, ProCash",독일,Deutsche Bank,41
Diebold Nixdorf,Windows 7,ACI Worldwide 社: BASE24-eps,,,DN 社: ProView,Proprietary,,,Multiple Solution (OEM Supplied),"DN 社: Agilis EmPower, ProCash",독일,Deutsche Bank,43
Diebold Nixdorf,Windows 10,ACI Worldwide 社: BASE24-eps,,,DN 社: ProView,Proprietary,,,Multiple Solution (OEM Supplied),"DN 社: Agilis EmPower, ProCash",독일,Deutsche Bank,45
Diebold Nixdorf,Windows Server 2019,ACI Worldwide 社: BASE24-eps,,,DN 社: ProView,Proprietary,,,Multiple Solution (OEM Supplied),"DN 社: Agilis EmPower, ProCash",독일,Deutsche Bank,47
Diebold Nixdorf,Windows XP,"FSS 社: Tango (NDC,NDC+, DDC)",,,DN 社: ProView,Proprietary,,,Multiple Solution (OEM Supplied),"DN 社: Agilis EmPower, ProCash",독일,Deutsche Bank,49
Diebold Nixdorf,Windows 7,"FSS 社: Tango (NDC,NDC+, DDC)",,,DN 社: ProView,Proprietary,,,Multiple Solution (OEM Supplied),"DN 社: Agilis EmPower, ProCash",독일,Deutsche Bank,51
Diebold Nixdorf,Windows 10,"FSS 社: Tango (NDC,NDC+, DDC)",,,DN 社: ProView,Proprietary,,,Multiple Solution (OEM Supplied),"DN 社: Agilis EmPower, ProCash",독일,Deutsche Bank,53
Diebold Nixdorf,Windows Server 2019,"FSS 社: Tango (NDC,NDC+, DDC)",,,DN 社: ProView,Proprietary,,,Multiple Solution (OEM Supplied),"DN 社: Agilis EmPower, ProCash",독일,Deutsche Bank,61
Diebold Nixdorf,Windows XP,Mastercard 社: Electra EFT Switch,,,DN 社: ProView,Proprietary,,,Multiple Solution (OEM Supplied),"DN 社: Agilis EmPower, ProCash",독일,Deutsche Bank,67
Diebold Nixdorf,Windows 7,Mastercard 社: Electra EFT Switch,,,DN 社: ProView,Proprietary,,,Multiple Solution (OEM Supplied),"DN 社: Agilis EmPower, ProCash",독일,Deutsche Bank,73
Diebold Nixdorf,Windows 10,Mastercard 社: Electra EFT Switch,,,DN 社: ProView,Proprietary,,,Multiple Solution (OEM Supplied),"DN 社: Agilis EmPower, ProCash",독일,Deutsche Bank,79
Diebold Nixdorf,Windows Server 2019,Mastercard 社: Electra EFT Switch,,,DN 社: ProView,Proprietary,,,Multiple Solution (OEM Supplied),"DN 社: Agilis EmPower, ProCash",독일,Deutsche Bank,85
NCR,Windows XP,ACI Worldwide 社: BASE24-eps,,,FSS 社: FSS SwiftReach,Proprietary,,,Multiple Solution (OEM Supplied),NCR 社: NDC Enterprise,미국,Bank of America,50
NCR,Windows 7,ACI Worldwide 社: BASE24-eps,,,FSS 社: FSS SwiftReach,Proprietary,,,Multiple Solution (OEM Supplied),NCR 社: NDC Enterprise,미국,Bank of America,52
NCR,Windows 10,ACI Worldwide 社: BASE24-eps,,,FSS 社: FSS SwiftReach,Proprietary,,,Multiple Solution (OEM Supplied),NCR 社: NDC Enterprise,미국,Bank of America,53
NCR,Windows Server 2019,ACI Worldwide 社: BASE24-eps,,,FSS 社: FSS SwiftReach,Proprietary,,,Multiple Solution (OEM Supplied),NCR 社: NDC Enterprise,미국,Bank of America,54
NCR,Windows XP,ACI Worldwide 社: BASE24-eps,,,FSS 社: FSS SwiftReach,Proprietary,,,Multiple Solution (OEM Supplied),NCR 社: NDC Enterprise,미국,Citibank,53
NCR,Windows 7,ACI Worldwide 社: BASE24-eps,,,FSS 社: FSS SwiftReach,Proprietary,,,Multiple Solution (OEM Supplied),NCR 社: NDC Enterprise,미국,Citibank,53
NCR,Windows 10,ACI Worldwide 社: BASE24-eps,,,FSS 社: FSS SwiftReach,Proprietary,,,Multiple Solution (OEM Supplied),NCR 社: NDC Enterprise,미국,Citibank,55
NCR,Windows Server 2019,ACI Worldwide 社: BASE24-eps,,,FSS 社: FSS SwiftReach,Proprietary,,,Multiple Solution (OEM Supplied),NCR 社: NDC Enterprise,미국,Citibank,56
NCR,Windows XP,ACI Worldwide 社: BASE24-eps,,,FSS 社: FSS SwiftReach,Proprietary,,,Multiple Solution (OEM Supplied),NCR 社: NDC Enterprise,미국,U.S. Bank,53
NCR,Windows 7,ACI Worldwide 社: BASE24-eps,,,FSS 社: FSS SwiftReach,Proprietary,,,Multiple Solution (OEM Supplied),NCR 社: NDC Enterprise,미국,U.S. Bank,54
NCR,Windows 10,ACI Worldwide 社: BASE24-eps,,,FSS 社: FSS SwiftReach,Proprietary,,,Multiple Solution (OEM Supplied),NCR 社: NDC Enterprise,미국,U.S. Bank,52
NCR,Windows Server 2019,ACI Worldwide 社: BASE24-eps,,,FSS 社: FSS SwiftReach,Proprietary,,,Multiple Solution (OEM Supplied),NCR 社: NDC Enterprise,미국,U.S. Bank,53
NCR,Windows XP,"FSS 社: Tango (NDC,NDC+, DDC)",,,FSS 社: FSS SwiftReach,Proprietary,,,Multiple Solution (OEM Supplied),NCR 社: NDC Enterprise,미국,Bank of America,50
NCR,Windows 7,"FSS 社: Tango (NDC,NDC+, DDC)",,,FSS 社: FSS SwiftReach,Proprietary,,,Multiple Solution (OEM Supplied),NCR 社: NDC Enterprise,미국,Bank of America,51
NCR,Windows 10,"FSS 社: Tango (NDC,NDC+, DDC)",,,FSS 社: FSS SwiftReach,Proprietary,,,Multiple Solution (OEM Supplied),NCR 社: NDC Enterprise,미국,Bank of America,52
NCR,Windows Server 2019,"FSS 社: Tango (NDC,NDC+, DDC)",,,FSS 社: FSS SwiftReach,Proprietary,,,Multiple Solution (OEM Supplied),NCR 社: NDC Enterprise,미국,Bank of America,53
NCR,Windows XP,"FSS 社: Tango (NDC,NDC+, DDC)",,,FSS 社: FSS SwiftReach,Proprietary,,,Multiple Solution (OEM Supplied),NCR 社: NDC Enterprise,미국,Citibank,50
NCR,Windows 7,"FSS 社: Tango (NDC,NDC+, DDC)",,,FSS 社: FSS SwiftReach,Proprietary,,,Multiple Solution (OEM Supplied),NCR 社: NDC Enterprise,미국,Citibank,51
NCR,Windows 10,"FSS 社: Tango (NDC,NDC+, DDC)",,,FSS 社: FSS SwiftReach,Proprietary,,,Multiple Solution (OEM Supplied),NCR 社: NDC Enterprise,미국,Citibank,52
NCR,Windows Server 2019,"FSS 社: Tango (NDC,NDC+, DDC)",,,FSS 社: FSS SwiftReach,Proprietary,,,Multiple Solution (OEM Supplied),NCR 社: NDC Enterprise,미국,Citibank,53
NCR,Windows XP,"FSS 社: Tango (NDC,NDC+, DDC)",,,FSS 社: FSS SwiftReach,Proprietary,,,Multiple Solution (OEM Supplied),NCR 社: NDC Enterprise,미국,U.S. Bank,50
NCR,Windows 7,"FSS 社: Tango (NDC,NDC+, DDC)",,,FSS 社: FSS SwiftReach,Proprietary,,,Multiple Solution (OEM Supplied),NCR 社: NDC Enterprise,미국,U.S. Bank,51
NCR,Windows 10,"FSS 社: Tango (NDC,NDC+, DDC)",,,FSS 社: FSS SwiftReach,Proprietary,,,Multiple Solution (OEM Supplied),NCR 社: NDC Enterprise,미국,U.S. Bank,52
NCR,Windows Server 2019,"FSS 社: Tango (NDC,NDC+, DDC)",,,FSS 社: FSS SwiftReach,Proprietary,,,Multiple Solution (OEM Supplied),NCR 社: NDC Enterprise,미국,U.S. Bank,53
NCR,Windows XP,Mastercard 社: Electra EFT Switch,,,FSS 社: FSS SwiftReach,Proprietary,,,Multiple Solution (OEM Supplied),NCR 社: NDC Enterprise,미국,Bank of America,52
NCR,Windows 7,Mastercard 社: Electra EFT Switch,,,FSS 社: FSS SwiftReach,Proprietary,,,Multiple Solution (OEM Supplied),NCR 社: NDC Enterprise,미국,Bank of America,53
NCR,Windows 10,Mastercard 社: Electra EFT Switch,,,FSS 社: FSS SwiftReach,Proprietary,,,Multiple Solution (OEM Supplied),NCR 社: NDC Enterprise,미국,Bank of America,54
NCR,Windows Server 2019,Mastercard 社: Electra EFT Switch,,,FSS 社: FSS SwiftReach,Proprietary,,,Multiple Solution (OEM Supplied),NCR 社: NDC Enterprise,미국,Bank of America,55
NCR,Windows XP,Mastercard 社: Electra EFT Switch,,,FSS 社: FSS SwiftReach,Proprietary,,,Multiple Solution (OEM Supplied),NCR 社: NDC Enterprise,미국,Citibank,52
NCR,Windows 7,Mastercard 社: Electra EFT Switch,,,FSS 社: FSS SwiftReach,Proprietary,,,Multiple Solution (OEM Supplied),NCR 社: NDC Enterprise,미국,Citibank,53
NCR,Windows 10,Mastercard 社: Electra EFT Switch,,,FSS 社: FSS SwiftReach,Proprietary,,,Multiple Solution (OEM Supplied),NCR 社: NDC Enterprise,미국,Citibank,57
NCR,Windows Server 2019,Mastercard 社: Electra EFT Switch,,,FSS 社: FSS SwiftReach,Proprietary,,,Multiple Solution (OEM Supplied),NCR 社: NDC Enterprise,미국,Citibank,58
NCR,Windows XP,Mastercard 社: Electra EFT Switch,,,FSS 社: FSS SwiftReach,Proprietary,,,Multiple Solution (OEM Supplied),NCR 社: NDC Enterprise,미국,U.S. Bank,55
NCR,Windows 7,Mastercard 社: Electra EFT Switch,,,FSS 社: FSS SwiftReach,Proprietary,,,Multiple Solution (OEM Supplied),NCR 社: NDC Enterprise,미국,U.S. Bank,56
NCR,Windows 10,Mastercard 社: Electra EFT Switch,,,FSS 社: FSS SwiftReach,Proprietary,,,Multiple Solution (OEM Supplied),NCR 社: NDC Enterprise,미국,U.S. Bank,57
NCR,Windows XP,ACI Worldwide 社: BASE24-eps,,,FSS 社: FSS SwiftReach,Proprietary,,,Multiple Solution (OEM Supplied),NCR 社: NDC Enterprise,인도,State Bank of India,55
NCR,Windows 7,ACI Worldwide 社: BASE24-eps,,,FSS 社: FSS SwiftReach,Proprietary,,,Multiple Solution (OEM Supplied),NCR 社: NDC Enterprise,인도,State Bank of India,56
NCR,Windows 10,ACI Worldwide 社: BASE24-eps,,,FSS 社: FSS SwiftReach,Proprietary,,,Multiple Solution (OEM Supplied),NCR 社: NDC Enterprise,인도,State Bank of India,57
NCR,Windows Server 2019,ACI Worldwide 社: BASE24-eps,,,FSS 社: FSS SwiftReach,Proprietary,,,Multiple Solution (OEM Supplied),NCR 社: NDC Enterprise,인도,State Bank of India,58
NCR,Windows XP,ACI Worldwide 社: BASE24-eps,,,FSS 社: FSS SwiftReach,Proprietary,,,Multiple Solution (OEM Supplied),NCR 社: NDC Enterprise,인도,HDFC Bank,55
NCR,Windows 7,ACI Worldwide 社: BASE24-eps,,,FSS 社: FSS SwiftReach,Proprietary,,,Multiple Solution (OEM Supplied),NCR 社: NDC Enterprise,인도,HDFC Bank,56
NCR,Windows 10,ACI Worldwide 社: BASE24-eps,,,FSS 社: FSS SwiftReach,Proprietary,,,Multiple Solution (OEM Supplied),NCR 社: NDC Enterprise,인도,HDFC Bank,57
NCR,Windows Server 2019,ACI Worldwide 社: BASE24-eps,,,FSS 社: FSS SwiftReach,Proprietary,,,Multiple Solution (OEM Supplied),NCR 社: NDC Enterprise,인도,HDFC Bank,58
NCR,Windows XP,"FSS 社: Tango (NDC,NDC+, DDC)",,,FSS 社: FSS SwiftReach,Proprietary,,,Multiple Solution (OEM Supplied),NCR 社: NDC Enterprise,인도,State Bank of India,55
NCR,Windows 7,"FSS 社: Tango (NDC,NDC+, DDC)",,,FSS 社: FSS SwiftReach,Proprietary,,,Multiple Solution (OEM Supplied),NCR 社: NDC Enterprise,인도,State Bank of India,56
NCR,Windows 10,"FSS 社: Tango (NDC,NDC+, DDC)",,,FSS 社: FSS SwiftReach,Proprietary,,,Multiple Solution (OEM Supplied),NCR 社: NDC Enterprise,인도,State Bank of India,57
NCR,Windows Server 2019,"FSS 社: Tango (NDC,NDC+, DDC)",,,FSS 社: FSS SwiftReach,Proprietary,,,Multiple Solution (OEM Supplied),NCR 社: NDC Enterprise,인도,State Bank of India,58
NCR,Windows XP,"FSS 社: Tango (NDC,NDC+, DDC)",,,FSS 社: FSS SwiftReach,Proprietary,,,Multiple Solution (OEM Supplied),NCR 社: NDC Enterprise,인도,HDFC Bank,55
NCR,Windows 7,"FSS 社: Tango (NDC,NDC+, DDC)",,,FSS 社: FSS SwiftReach,Proprietary,,,Multiple Solution (OEM Supplied),NCR 社: NDC Enterprise,인도,HDFC Bank,56
NCR,Windows 10,"FSS 社: Tango (NDC,NDC+, DDC)",,,FSS 社: FSS SwiftReach,Proprietary,,,Multiple Solution (OEM Supplied),NCR 社: NDC Enterprise,인도,HDFC Bank,57
NCR,Windows Server 2019,"FSS 社: Tango (NDC,NDC+, DDC)",,,FSS 社: FSS SwiftReach,Proprietary,,,Multiple Solution (OEM Supplied),NCR 社: NDC Enterprise,인도,HDFC Bank,58
NCR,Windows XP,Mastercard 社: Electra EFT Switch,,,FSS 社: FSS SwiftReach,Proprietary,,,Multiple Solution (OEM Supplied),NCR 社: NDC Enterprise,인도,State Bank of India,55
NCR,Windows 7,Mastercard 社: Electra EFT Switch,,,FSS 社: FSS SwiftReach,Proprietary,,,Multiple Solution (OEM Supplied),NCR 社: NDC Enterprise,인도,State Bank of India,56
NCR,Windows 10,Mastercard 社: Electra EFT Switch,,,FSS 社: FSS SwiftReach,Proprietary,,,Multiple Solution (OEM Supplied),NCR 社: NDC Enterprise,인도,State Bank of India,57
NCR,Windows Server 2019,Mastercard 社: Electra EFT Switch,,,FSS 社: FSS SwiftReach,Proprietary,,,Multiple Solution (OEM Supplied),NCR 社: NDC Enterprise,인도,State Bank of India,58
NCR,Windows XP,Mastercard 社: Electra EFT Switch,,,FSS 社: FSS SwiftReach,Proprietary,,,Multiple Solution (OEM Supplied),NCR 社: NDC Enterprise,인도,HDFC Bank,55
NCR,Windows 7,Mastercard 社: Electra EFT Switch,,,FSS 社: FSS SwiftReach,Proprietary,,,Multiple Solution (OEM Supplied),NCR 社: NDC Enterprise,인도,HDFC Bank,56
NCR,Windows 10,Mastercard 社: Electra EFT Switch,,,FSS 社: FSS SwiftReach,Proprietary,,,Multiple Solution (OEM Supplied),NCR 社: NDC Enterprise,인도,HDFC Bank,57
NCR,Windows Server 2019,Mastercard 社: Electra EFT Switch,,,FSS 社: FSS SwiftReach,Proprietary,,,Multiple Solution (OEM Supplied),NCR 社: NDC Enterprise,인도,HDFC Bank,58
NCR,Windows XP,ACI Worldwide 社: BASE24-eps,,,Integrated Reasech 社: Prognosis,Proprietary,,,Multiple Solution (OEM Supplied),NCR 社: NDC Enterprise,인도,State Bank of India,54
NCR,Windows 7,ACI Worldwide 社: BASE24-eps,,,Integrated Reasech 社: Prognosis,Proprietary,,,Multiple Solution (OEM Supplied),NCR 社: NDC Enterprise,인도,State Bank of India,55
NCR,Windows 10,ACI Worldwide 社: BASE24-eps,,,Integrated Reasech 社: Prognosis,Proprietary,,,Multiple Solution (OEM Supplied),NCR 社: NDC Enterprise,인도,State Bank of India,56
NCR,Windows Server 2019,ACI Worldwide 社: BASE24-eps,,,Integrated Reasech 社: Prognosis,Proprietary,,,Multiple Solution (OEM Supplied),NCR 社: NDC Enterprise,인도,State Bank of India,57
NCR,Windows XP,ACI Worldwide 社: BASE24-eps,,,Integrated Reasech 社: Prognosis,Proprietary,,,Multiple Solution (OEM Supplied),NCR 社: NDC Enterprise,인도,HDFC Bank,54
NCR,Windows 7,ACI Worldwide 社: BASE24-eps,,,Integrated Reasech 社: Prognosis,Proprietary,,,Multiple Solution (OEM Supplied),NCR 社: NDC Enterprise,인도,HDFC Bank,55
NCR,Windows 10,ACI Worldwide 社: BASE24-eps,,,Integrated Reasech 社: Prognosis,Proprietary,,,Multiple Solution (OEM Supplied),NCR 社: NDC Enterprise,인도,HDFC Bank,56
NCR,Windows Server 2019,ACI Worldwide 社: BASE24-eps,,,Integrated Reasech 社: Prognosis,Proprietary,,,Multiple Solution (OEM Supplied),NCR 社: NDC Enterprise,인도,HDFC Bank,57
NCR,Windows XP,"FSS 社: Tango (NDC,NDC+, DDC)",,,Integrated Reasech 社: Prognosis,Proprietary,,,Multiple Solution (OEM Supplied),NCR 社: NDC Enterprise,인도,State Bank of India,54
NCR,Windows 7,"FSS 社: Tango (NDC,NDC+, DDC)",,,Integrated Reasech 社: Prognosis,Proprietary,,,Multiple Solution (OEM Supplied),NCR 社: NDC Enterprise,인도,State Bank of India,55
NCR,Windows 10,"FSS 社: Tango (NDC,NDC+, DDC)",,,Integrated Reasech 社: Prognosis,Proprietary,,,Multiple Solution (OEM Supplied),NCR 社: NDC Enterprise,인도,State Bank of India,56
NCR,Windows Server 2019,"FSS 社: Tango (NDC,NDC+, DDC)",,,Integrated Reasech 社: Prognosis,Proprietary,,,Multiple Solution (OEM Supplied),NCR 社: NDC Enterprise,인도,State Bank of India,57
NCR,Windows XP,"FSS 社: Tango (NDC,NDC+, DDC)",,,Integrated Reasech 社: Prognosis,Proprietary,,,Multiple Solution (OEM Supplied),NCR 社: NDC Enterprise,인도,HDFC Bank,54
NCR,Windows 7,"FSS 社: Tango (NDC,NDC+, DDC)",,,Integrated Reasech 社: Prognosis,Proprietary,,,Multiple Solution (OEM Supplied),NCR 社: NDC Enterprise,인도,HDFC Bank,55
NCR,Windows 10,"FSS 社: Tango (NDC,NDC+, DDC)",,,Integrated Reasech 社: Prognosis,Proprietary,,,Multiple Solution (OEM Supplied),NCR 社: NDC Enterprise,인도,HDFC Bank,56
NCR,Windows Server 2019,"FSS 社: Tango (NDC,NDC+, DDC)",,,Integrated Reasech 社: Prognosis,Proprietary,,,Multiple Solution (OEM Supplied),NCR 社: NDC Enterprise,인도,HDFC Bank,57
NCR,Windows XP,Mastercard 社: Electra EFT Switch,,,Integrated Reasech 社: Prognosis,Proprietary,,,Multiple Solution (OEM Supplied),NCR 社: NDC Enterprise,인도,State Bank of India,54
NCR,Windows 7,Mastercard 社: Electra EFT Switch,,,Integrated Reasech 社: Prognosis,Proprietary,,,Multiple Solution (OEM Supplied),NCR 社: NDC Enterprise,인도,State Bank of India,55
NCR,Windows 10,Mastercard 社: Electra EFT Switch,,,Integrated Reasech 社: Prognosis,Proprietary,,,Multiple Solution (OEM Supplied),NCR 社: NDC Enterprise,인도,State Bank of India,56
NCR,Windows Server 2019,Mastercard 社: Electra EFT Switch,,,Integrated Reasech 社: Prognosis,Proprietary,,,Multiple Solution (OEM Supplied),NCR 社: NDC Enterprise,인도,State Bank of India,57
NCR,Windows XP,Mastercard 社: Electra EFT Switch,,,Integrated Reasech 社: Prognosis,Proprietary,,,Multiple Solution (OEM Supplied),NCR 社: NDC Enterprise,인도,HDFC Bank,54
NCR,Windows 7,Mastercard 社: Electra EFT Switch,,,Integrated Reasech 社: Prognosis,Proprietary,,,Multiple Solution (OEM Supplied),NCR 社: NDC Enterprise,인도,HDFC Bank,55
NCR,Windows 10,Mastercard 社: Electra EFT Switch,,,Integrated Reasech 社: Prognosis,Proprietary,,,Multiple Solution (OEM Supplied),NCR 社: NDC Enterprise,인도,HDFC Bank,56
NCR,Windows Server 2019,Mastercard 社: Electra EFT Switch,,,Integrated Reasech 社: Prognosis,Proprietary,,,Multiple Solution (OEM Supplied),NCR 社: NDC Enterprise,인도,HDFC Bank,57
Hyosung TNS,Windows XP,ACI Worldwide 社: BASE24-eps,,,FSS 社: FSS SwiftReach,Proprietary,,,Multiple Solution (OEM Supplied),Hyosung TNS 社: CMS(BlueVerse),미국,Bank of America,20
Hyosung TNS,Windows 7,ACI Worldwide 社: BASE24-eps,,,FSS 社: FSS SwiftReach,Proprietary,,,Multiple Solution (OEM Supplied),Hyosung TNS 社: CMS(BlueVerse),미국,Bank of America,20
Hyosung TNS,Windows 10,ACI Worldwide 社: BASE24-eps,,,FSS 社: FSS SwiftReach,Proprietary,,,Multiple Solution (OEM Supplied),Hyosung TNS 社: CMS(BlueVerse),미국,Bank of America,20
Hyosung TNS,Windows Server 2019,ACI Worldwide 社: BASE24-eps,,,FSS 社: FSS SwiftReach,Proprietary,,,Multiple Solution (OEM Supplied),Hyosung TNS 社: CMS(BlueVerse),미국,Bank of America,20
Hyosung TNS,Windows XP,ACI Worldwide 社: BASE24-eps,,,FSS 社: FSS SwiftReach,Proprietary,,,Multiple Solution (OEM Supplied),Hyosung TNS 社: CMS(BlueVerse),미국,Citibank,20
Hyosung TNS,Windows 7,ACI Worldwide 社: BASE24-eps,,,FSS 社: FSS SwiftReach,Proprietary,,,Multiple Solution (OEM Supplied),Hyosung TNS 社: CMS(BlueVerse),미국,Citibank,20
Hyosung TNS,Windows 10,ACI Worldwide 社: BASE24-eps,,,FSS 社: FSS SwiftReach,Proprietary,,,Multiple Solution (OEM Supplied),Hyosung TNS 社: CMS(BlueVerse),미국,Citibank,20
Hyosung TNS,Windows Server 2019,ACI Worldwide 社: BASE24-eps,,,FSS 社: FSS SwiftReach,Proprietary,,,Multiple Solution (OEM Supplied),Hyosung TNS 社: CMS(BlueVerse),미국,Citibank,20
Hyosung TNS,Windows XP,ACI Worldwide 社: BASE24-eps,,,FSS 社: FSS SwiftReach,Proprietary,,,Multiple Solution (OEM Supplied),Hyosung TNS 社: CMS(BlueVerse),미국,U.S. Bank,20
Hyosung TNS,Windows 7,ACI Worldwide 社: BASE24-eps,,,FSS 社: FSS SwiftReach,Proprietary,,,Multiple Solution (OEM Supplied),Hyosung TNS 社: CMS(BlueVerse),미국,U.S. Bank,20
Hyosung TNS,Windows 10,ACI Worldwide 社: BASE24-eps,,,FSS 社: FSS SwiftReach,Proprietary,,,Multiple Solution (OEM Supplied),Hyosung TNS 社: CMS(BlueVerse),미국,U.S. Bank,20
Hyosung TNS,Windows Server 2019,ACI Worldwide 社: BASE24-eps,,,FSS 社: FSS SwiftReach,Proprietary,,,Multiple Solution (OEM Supplied),Hyosung TNS 社: CMS(BlueVerse),미국,U.S. Bank,20
Hyosung TNS,Windows XP,"FSS 社: Tango (NDC,NDC+, DDC)",,,FSS 社: FSS SwiftReach,Proprietary,,,Multiple Solution (OEM Supplied),Hyosung TNS 社: CMS(BlueVerse),미국,Bank of America,20
Hyosung TNS,Windows 7,"FSS 社: Tango (NDC,NDC+, DDC)",,,FSS 社: FSS SwiftReach,Proprietary,,,Multiple Solution (OEM Supplied),Hyosung TNS 社: CMS(BlueVerse),미국,Bank of America,20
Hyosung TNS,Windows 10,"FSS 社: Tango (NDC,NDC+, DDC)",,,FSS 社: FSS SwiftReach,Proprietary,,,Multiple Solution (OEM Supplied),Hyosung TNS 社: CMS(BlueVerse),미국,Bank of America,20
Hyosung TNS,Windows Server 2019,"FSS 社: Tango (NDC,NDC+, DDC)",,,FSS 社: FSS SwiftReach,Proprietary,,,Multiple Solution (OEM Supplied),Hyosung TNS 社: CMS(BlueVerse),미국,Bank of America,20
Hyosung TNS,Windows XP,"FSS 社: Tango (NDC,NDC+, DDC)",,,FSS 社: FSS SwiftReach,Proprietary,,,Multiple Solution (OEM Supplied),Hyosung TNS 社: CMS(BlueVerse),미국,Citibank,20
Hyosung TNS,Windows 7,"FSS 社: Tango (NDC,NDC+, DDC)",,,FSS 社: FSS SwiftReach,Proprietary,,,Multiple Solution (OEM Supplied),Hyosung TNS 社: CMS(BlueVerse),미국,Citibank,20
Hyosung TNS,Windows 10,"FSS 社: Tango (NDC,NDC+, DDC)",,,FSS 社: FSS SwiftReach,Proprietary,,,Multiple Solution (OEM Supplied),Hyosung TNS 社: CMS(BlueVerse),미국,Citibank,20
Hyosung TNS,Windows Server 2019,"FSS 社: Tango (NDC,NDC+, DDC)",,,FSS 社: FSS SwiftReach,Proprietary,,,Multiple Solution (OEM Supplied),Hyosung TNS 社: CMS(BlueVerse),미국,Citibank,20
Hyosung TNS,Windows XP,"FSS 社: Tango (NDC,NDC+, DDC)",,,FSS 社: FSS SwiftReach,Proprietary,,,Multiple Solution (OEM Supplied),Hyosung TNS 社: CMS(BlueVerse),미국,U.S. Bank,20
Hyosung TNS,Windows 7,"FSS 社: Tango (NDC,NDC+, DDC)",,,FSS 社: FSS SwiftReach,Proprietary,,,Multiple Solution (OEM Supplied),Hyosung TNS 社: CMS(BlueVerse),미국,U.S. Bank,20
Hyosung TNS,Windows 10,"FSS 社: Tango (NDC,NDC+, DDC)",,,FSS 社: FSS SwiftReach,Proprietary,,,Multiple Solution (OEM Supplied),Hyosung TNS 社: CMS(BlueVerse),미국,U.S. Bank,20
Hyosung TNS,Windows Server 2019,"FSS 社: Tango (NDC,NDC+, DDC)",,,FSS 社: FSS SwiftReach,Proprietary,,,Multiple Solution (OEM Supplied),Hyosung TNS 社: CMS(BlueVerse),미국,U.S. Bank,20
Hyosung TNS,Windows XP,Mastercard 社: Electra EFT Switch,,,FSS 社: FSS SwiftReach,Proprietary,,,Multiple Solution (OEM Supplied),Hyosung TNS 社: CMS(BlueVerse),미국,Bank of America,20
Hyosung TNS,Windows 7,Mastercard 社: Electra EFT Switch,,,FSS 社: FSS SwiftReach,Proprietary,,,Multiple Solution (OEM Supplied),Hyosung TNS 社: CMS(BlueVerse),미국,Bank of America,20
Hyosung TNS,Windows 10,Mastercard 社: Electra EFT Switch,,,FSS 社: FSS SwiftReach,Proprietary,,,Multiple Solution (OEM Supplied),Hyosung TNS 社: CMS(BlueVerse),미국,Bank of America,20
Hyosung TNS,Windows Server 2019,Mastercard 社: Electra EFT Switch,,,FSS 社: FSS SwiftReach,Proprietary,,,Multiple Solution (OEM Supplied),Hyosung TNS 社: CMS(BlueVerse),미국,Bank of America,20
Hyosung TNS,Windows XP,Mastercard 社: Electra EFT Switch,,,FSS 社: FSS SwiftReach,Proprietary,,,Multiple Solution (OEM Supplied),Hyosung TNS 社: CMS(BlueVerse),미국,Citibank,20
Hyosung TNS,Windows 7,Mastercard 社: Electra EFT Switch,,,FSS 社: FSS SwiftReach,Proprietary,,,Multiple Solution (OEM Supplied),Hyosung TNS 社: CMS(BlueVerse),미국,Citibank,20
Hyosung TNS,Windows 10,Mastercard 社: Electra EFT Switch,,,FSS 社: FSS SwiftReach,Proprietary,,,Multiple Solution (OEM Supplied),Hyosung TNS 社: CMS(BlueVerse),미국,Citibank,20
Hyosung TNS,Windows Server 2019,Mastercard 社: Electra EFT Switch,,,FSS 社: FSS SwiftReach,Proprietary,,,Multiple Solution (OEM Supplied),Hyosung TNS 社: CMS(BlueVerse),미국,Citibank,20
Hyosung TNS,Windows XP,Mastercard 社: Electra EFT Switch,,,FSS 社: FSS SwiftReach,Proprietary,,,Multiple Solution (OEM Supplied),Hyosung TNS 社: CMS(BlueVerse),미국,U.S. Bank,20
Hyosung TNS,Windows 7,Mastercard 社: Electra EFT Switch,,,FSS 社: FSS SwiftReach,Proprietary,,,Multiple Solution (OEM Supplied),Hyosung TNS 社: CMS(BlueVerse),미국,U.S. Bank,20
Hyosung TNS,Windows 10,Mastercard 社: Electra EFT Switch,,,FSS 社: FSS SwiftReach,Proprietary,,,Multiple Solution (OEM Supplied),Hyosung TNS 社: CMS(BlueVerse),미국,U.S. Bank,20
Hyosung TNS,Windows Server 2019,Mastercard 社: Electra EFT Switch,,,FSS 社: FSS SwiftReach,Proprietary,,,Multiple Solution (OEM Supplied),Hyosung TNS 社: CMS(BlueVerse),미국,U.S. Bank,20
Hyosung TNS,Windows XP,ACI Worldwide 社: BASE24-eps,,,Integrated Reasech 社: Prognosis,Proprietary,,,Multiple Solution (OEM Supplied),Hyosung TNS 社: CMS(BlueVerse),미국,Bank of America,20
Hyosung TNS,Windows 7,ACI Worldwide 社: BASE24-eps,,,Integrated Reasech 社: Prognosis,Proprietary,,,Multiple Solution (OEM Supplied),Hyosung TNS 社: CMS(BlueVerse),미국,Bank of America,20
Hyosung TNS,Windows 10,ACI Worldwide 社: BASE24-eps,,,Integrated Reasech 社: Prognosis,Proprietary,,,Multiple Solution (OEM Supplied),Hyosung TNS 社: CMS(BlueVerse),미국,Bank of America,20
Hyosung TNS,Windows Server 2019,ACI Worldwide 社: BASE24-eps,,,Integrated Reasech 社: Prognosis,Proprietary,,,Multiple Solution (OEM Supplied),Hyosung TNS 社: CMS(BlueVerse),미국,Bank of America,20
Hyosung TNS,Windows XP,ACI Worldwide 社: BASE24-eps,,,Integrated Reasech 社: Prognosis,Proprietary,,,Multiple Solution (OEM Supplied),Hyosung TNS 社: CMS(BlueVerse),미국,Citibank,20
Hyosung TNS,Windows 7,ACI Worldwide 社: BASE24-eps,,,Integrated Reasech 社: Prognosis,Proprietary,,,Multiple Solution (OEM Supplied),Hyosung TNS 社: CMS(BlueVerse),미국,Citibank,20
Hyosung TNS,Windows 10,ACI Worldwide 社: BASE24-eps,,,Integrated Reasech 社: Prognosis,Proprietary,,,Multiple Solution (OEM Supplied),Hyosung TNS 社: CMS(BlueVerse),미국,Citibank,20
Hyosung TNS,Windows Server 2019,ACI Worldwide 社: BASE24-eps,,,Integrated Reasech 社: Prognosis,Proprietary,,,Multiple Solution (OEM Supplied),Hyosung TNS 社: CMS(BlueVerse),미국,Citibank,20
Hyosung TNS,Windows XP,ACI Worldwide 社: BASE24-eps,,,Integrated Reasech 社: Prognosis,Proprietary,,,Multiple Solution (OEM Supplied),Hyosung TNS 社: CMS(BlueVerse),미국,U.S. Bank,20
Hyosung TNS,Windows 7,ACI Worldwide 社: BASE24-eps,,,Integrated Reasech 社: Prognosis,Proprietary,,,Multiple Solution (OEM Supplied),Hyosung TNS 社: CMS(BlueVerse),미국,U.S. Bank,20
Hyosung TNS,Windows 10,ACI Worldwide 社: BASE24-eps,,,Integrated Reasech 社: Prognosis,Proprietary,,,Multiple Solution (OEM Supplied),Hyosung TNS 社: CMS(BlueVerse),미국,U.S. Bank,20
Hyosung TNS,Windows Server 2019,ACI Worldwide 社: BASE24-eps,,,Integrated Reasech 社: Prognosis,Proprietary,,,Multiple Solution (OEM Supplied),Hyosung TNS 社: CMS(BlueVerse),미국,U.S. Bank,20
Hyosung TNS,Windows XP,"FSS 社: Tango (NDC,NDC+, DDC)",,,Integrated Reasech 社: Prognosis,Proprietary,,,Multiple Solution (OEM Supplied),Hyosung TNS 社: CMS(BlueVerse),미국,Bank of America,20
Hyosung TNS,Windows 7,"FSS 社: Tango (NDC,NDC+, DDC)",,,Integrated Reasech 社: Prognosis,Proprietary,,,Multiple Solution (OEM Supplied),Hyosung TNS 社: CMS(BlueVerse),미국,Bank of America,20
Hyosung TNS,Windows 10,"FSS 社: Tango (NDC,NDC+, DDC)",,,Integrated Reasech 社: Prognosis,Proprietary,,,Multiple Solution (OEM Supplied),Hyosung TNS 社: CMS(BlueVerse),미국,Bank of America,20
Hyosung TNS,Windows Server 2019,"FSS 社: Tango (NDC,NDC+, DDC)",,,Integrated Reasech 社: Prognosis,Proprietary,,,Multiple Solution (OEM Supplied),Hyosung TNS 社: CMS(BlueVerse),미국,Bank of America,20
Hyosung TNS,Windows XP,"FSS 社: Tango (NDC,NDC+, DDC)",,,Integrated Reasech 社: Prognosis,Proprietary,,,Multiple Solution (OEM Supplied),Hyosung TNS 社: CMS(BlueVerse),미국,Citibank,20
Hyosung TNS,Windows 7,"FSS 社: Tango (NDC,NDC+, DDC)",,,Integrated Reasech 社: Prognosis,Proprietary,,,Multiple Solution (OEM Supplied),Hyosung TNS 社: CMS(BlueVerse),미국,Citibank,20
Hyosung TNS,Windows 10,"FSS 社: Tango (NDC,NDC+, DDC)",,,Integrated Reasech 社: Prognosis,Proprietary,,,Multiple Solution (OEM Supplied),Hyosung TNS 社: CMS(BlueVerse),미국,Citibank,20
Hyosung TNS,Windows Server 2019,"FSS 社: Tango (NDC,NDC+, DDC)",,,Integrated Reasech 社: Prognosis,Proprietary,,,Multiple Solution (OEM Supplied),Hyosung TNS 社: CMS(BlueVerse),미국,Citibank,20
Hyosung TNS,Windows XP,"FSS 社: Tango (NDC,NDC+, DDC)",,,Integrated Reasech 社: Prognosis,Proprietary,,,Multiple Solution (OEM Supplied),Hyosung TNS 社: CMS(BlueVerse),미국,U.S. Bank,20
Hyosung TNS,Windows 7,"FSS 社: Tango (NDC,NDC+, DDC)",,,Integrated Reasech 社: Prognosis,Proprietary,,,Multiple Solution (OEM Supplied),Hyosung TNS 社: CMS(BlueVerse),미국,U.S. Bank,20
Hyosung TNS,Windows 10,"FSS 社: Tango (NDC,NDC+, DDC)",,,Integrated Reasech 社: Prognosis,Proprietary,,,Multiple Solution (OEM Supplied),Hyosung TNS 社: CMS(BlueVerse),미국,U.S. Bank,20
Hyosung TNS,Windows Server 2019,"FSS 社: Tango (NDC,NDC+, DDC)",,,Integrated Reasech 社: Prognosis,Proprietary,,,Multiple Solution (OEM Supplied),Hyosung TNS 社: CMS(BlueVerse),미국,U.S. Bank,20
Hyosung TNS,Windows XP,Mastercard 社: Electra EFT Switch,,,Integrated Reasech 社: Prognosis,Proprietary,,,Multiple Solution (OEM Supplied),Hyosung TNS 社: CMS(BlueVerse),미국,Bank of America,20
Hyosung TNS,Windows 7,Mastercard 社: Electra EFT Switch,,,Integrated Reasech 社: Prognosis,Proprietary,,,Multiple Solution (OEM Supplied),Hyosung TNS 社: CMS(BlueVerse),미국,Bank of America,20
Hyosung TNS,Windows 10,Mastercard 社: Electra EFT Switch,,,Integrated Reasech 社: Prognosis,Proprietary,,,Multiple Solution (OEM Supplied),Hyosung TNS 社: CMS(BlueVerse),미국,Bank of America,20
Hyosung TNS,Windows Server 2019,Mastercard 社: Electra EFT Switch,,,Integrated Reasech 社: Prognosis,Proprietary,,,Multiple Solution (OEM Supplied),Hyosung TNS 社: CMS(BlueVerse),미국,Bank of America,20
Hyosung TNS,Windows XP,Mastercard 社: Electra EFT Switch,,,Integrated Reasech 社: Prognosis,Proprietary,,,Multiple Solution (OEM Supplied),Hyosung TNS 社: CMS(BlueVerse),미국,Citibank,20
Hyosung TNS,Windows 7,Mastercard 社: Electra EFT Switch,,,Integrated Reasech 社: Prognosis,Proprietary,,,Multiple Solution (OEM Supplied),Hyosung TNS 社: CMS(BlueVerse),미국,Citibank,20
Hyosung TNS,Windows 10,Mastercard 社: Electra EFT Switch,,,Integrated Reasech 社: Prognosis,Proprietary,,,Multiple Solution (OEM Supplied),Hyosung TNS 社: CMS(BlueVerse),미국,Citibank,20
Hyosung TNS,Windows Server 2019,Mastercard 社: Electra EFT Switch,,,Integrated Reasech 社: Prognosis,Proprietary,,,Multiple Solution (OEM Supplied),Hyosung TNS 社: CMS(BlueVerse),미국,Citibank,20
Hyosung TNS,Windows XP,Mastercard 社: Electra EFT Switch,,,Integrated Reasech 社: Prognosis,Proprietary,,,Multiple Solution (OEM Supplied),Hyosung TNS 社: CMS(BlueVerse),미국,U.S. Bank,20
Hyosung TNS,Windows 7,Mastercard 社: Electra EFT Switch,,,Integrated Reasech 社: Prognosis,Proprietary,,,Multiple Solution (OEM Supplied),Hyosung TNS 社: CMS(BlueVerse),미국,U.S. Bank,20
Hyosung TNS,Windows 10,Mastercard 社: Electra EFT Switch,,,Integrated Reasech 社: Prognosis,Proprietary,,,Multiple Solution (OEM Supplied),Hyosung TNS 社: CMS(BlueVerse),미국,U.S. Bank,20
Hyosung TNS,Windows Server 2019,Mastercard 社: Electra EFT Switch,,,Integrated Reasech 社: Prognosis,Proprietary,,,Multiple Solution (OEM Supplied),Hyosung TNS 社: CMS(BlueVerse),미국,U.S. Bank,20
Hyosung TNS,Windows XP,ACI Worldwide 社: BASE24-eps,,,FSS 社: FSS SwiftReach,Proprietary,,,Multiple Solution (OEM Supplied),Hyosung TNS 社: CMS(BlueVerse),인도,State Bank of India,20
Hyosung TNS,Windows 7,ACI Worldwide 社: BASE24-eps,,,FSS 社: FSS SwiftReach,Proprietary,,,Multiple Solution (OEM Supplied),Hyosung TNS 社: CMS(BlueVerse),인도,State Bank of India,20
Hyosung TNS,Windows 10,ACI Worldwide 社: BASE24-eps,,,FSS 社: FSS SwiftReach,Proprietary,,,Multiple Solution (OEM Supplied),Hyosung TNS 社: CMS(BlueVerse),인도,State Bank of India,20
Hyosung TNS,Windows Server 2019,ACI Worldwide 社: BASE24-eps,,,FSS 社: FSS SwiftReach,Proprietary,,,Multiple Solution (OEM Supplied),Hyosung TNS 社: CMS(BlueVerse),인도,State Bank of India,20
Hyosung TNS,Windows XP,ACI Worldwide 社: BASE24-eps,,,FSS 社: FSS SwiftReach,Proprietary,,,Multiple Solution (OEM Supplied),Hyosung TNS 社: CMS(BlueVerse),인도,HDFC Bank,20
Hyosung TNS,Windows 7,ACI Worldwide 社: BASE24-eps,,,FSS 社: FSS SwiftReach,Proprietary,,,Multiple Solution (OEM Supplied),Hyosung TNS 社: CMS(BlueVerse),인도,HDFC Bank,20
Hyosung TNS,Windows 10,ACI Worldwide 社: BASE24-eps,,,FSS 社: FSS SwiftReach,Proprietary,,,Multiple Solution (OEM Supplied),Hyosung TNS 社: CMS(BlueVerse),인도,HDFC Bank,20
Hyosung TNS,Windows Server 2019,ACI Worldwide 社: BASE24-eps,,,FSS 社: FSS SwiftReach,Proprietary,,,Multiple Solution (OEM Supplied),Hyosung TNS 社: CMS(BlueVerse),인도,HDFC Bank,20
Hyosung TNS,Windows XP,"FSS 社: Tango (NDC,NDC+, DDC)",,,FSS 社: FSS SwiftReach,Proprietary,,,Multiple Solution (OEM Supplied),Hyosung TNS 社: CMS(BlueVerse),인도,State Bank of India,20
Hyosung TNS,Windows 7,"FSS 社: Tango (NDC,NDC+, DDC)",,,FSS 社: FSS SwiftReach,Proprietary,,,Multiple Solution (OEM Supplied),Hyosung TNS 社: CMS(BlueVerse),인도,State Bank of India,20
Hyosung TNS,Windows 10,"FSS 社: Tango (NDC,NDC+, DDC)",,,FSS 社: FSS SwiftReach,Proprietary,,,Multiple Solution (OEM Supplied),Hyosung TNS 社: CMS(BlueVerse),인도,State Bank of India,20
Hyosung TNS,Windows Server 2019,"FSS 社: Tango (NDC,NDC+, DDC)",,,FSS 社: FSS SwiftReach,Proprietary,,,Multiple Solution (OEM Supplied),Hyosung TNS 社: CMS(BlueVerse),인도,State Bank of India,20
Hyosung TNS,Windows XP,"FSS 社: Tango (NDC,NDC+, DDC)",,,FSS 社: FSS SwiftReach,Proprietary,,,Multiple Solution (OEM Supplied),Hyosung TNS 社: CMS(BlueVerse),인도,HDFC Bank,20
Hyosung TNS,Windows 7,"FSS 社: Tango (NDC,NDC+, DDC)",,,FSS 社: FSS SwiftReach,Proprietary,,,Multiple Solution (OEM Supplied),Hyosung TNS 社: CMS(BlueVerse),인도,HDFC Bank,20
Hyosung TNS,Windows 10,"FSS 社: Tango (NDC,NDC+, DDC)",,,FSS 社: FSS SwiftReach,Proprietary,,,Multiple Solution (OEM Supplied),Hyosung TNS 社: CMS(BlueVerse),인도,HDFC Bank,20
Hyosung TNS,Windows Server 2019,"FSS 社: Tango (NDC,NDC+, DDC)",,,FSS 社: FSS SwiftReach,Proprietary,,,Multiple Solution (OEM Supplied),Hyosung TNS 社: CMS(BlueVerse),인도,HDFC Bank,20
Hyosung TNS,Windows XP,Mastercard 社: Electra EFT Switch,,,FSS 社: FSS SwiftReach,Proprietary,,,Multiple Solution (OEM Supplied),Hyosung TNS 社: CMS(BlueVerse),인도,State Bank of India,20
Hyosung TNS,Windows 7,Mastercard 社: Electra EFT Switch,,,FSS 社: FSS SwiftReach,Proprietary,,,Multiple Solution (OEM Supplied),Hyosung TNS 社: CMS(BlueVerse),인도,State Bank of India,20
Hyosung TNS,Windows 10,Mastercard 社: Electra EFT Switch,,,FSS 社: FSS SwiftReach,Proprietary,,,Multiple Solution (OEM Supplied),Hyosung TNS 社: CMS(BlueVerse),인도,State Bank of India,20
Hyosung TNS,Windows Server 2019,Mastercard 社: Electra EFT Switch,,,FSS 社: FSS SwiftReach,Proprietary,,,Multiple Solution (OEM Supplied),Hyosung TNS 社: CMS(BlueVerse),인도,State Bank of India,20
Hyosung TNS,Windows XP,Mastercard 社: Electra EFT Switch,,,FSS 社: FSS SwiftReach,Proprietary,,,Multiple Solution (OEM Supplied),Hyosung TNS 社: CMS(BlueVerse),인도,HDFC Bank,20
Hyosung TNS,Windows 7,Mastercard 社: Electra EFT Switch,,,FSS 社: FSS SwiftReach,Proprietary,,,Multiple Solution (OEM Supplied),Hyosung TNS 社: CMS(BlueVerse),인도,HDFC Bank,20
Hyosung TNS,Windows 10,Mastercard 社: Electra EFT Switch,,,FSS 社: FSS SwiftReach,Proprietary,,,Multiple Solution (OEM Supplied),Hyosung TNS 社: CMS(BlueVerse),인도,HDFC Bank,20
Hyosung TNS,Windows Server 2019,Mastercard 社: Electra EFT Switch,,,FSS 社: FSS SwiftReach,Proprietary,,,Multiple Solution (OEM Supplied),Hyosung TNS 社: CMS(BlueVerse),인도,HDFC Bank,20
Hyosung TNS,Windows XP,ACI Worldwide 社: BASE24-eps,,,Integrated Reasech 社: Prognosis,Proprietary,,,Multiple Solution (OEM Supplied),Hyosung TNS 社: CMS(BlueVerse),인도,State Bank of India,20
Hyosung TNS,Windows 7,ACI Worldwide 社: BASE24-eps,,,Integrated Reasech 社: Prognosis,Proprietary,,,Multiple Solution (OEM Supplied),Hyosung TNS 社: CMS(BlueVerse),인도,State Bank of India,20
Hyosung TNS,Windows 10,ACI Worldwide 社: BASE24-eps,,,Integrated Reasech 社: Prognosis,Proprietary,,,Multiple Solution (OEM Supplied),Hyosung TNS 社: CMS(BlueVerse),인도,State Bank of India,20
Hyosung TNS,Windows Server 2019,ACI Worldwide 社: BASE24-eps,,,Integrated Reasech 社: Prognosis,Proprietary,,,Multiple Solution (OEM Supplied),Hyosung TNS 社: CMS(BlueVerse),인도,State Bank of India,20
Hyosung TNS,Windows XP,ACI Worldwide 社: BASE24-eps,,,Integrated Reasech 社: Prognosis,Proprietary,,,Multiple Solution (OEM Supplied),Hyosung TNS 社: CMS(BlueVerse),인도,HDFC Bank,20
Hyosung TNS,Windows 7,ACI Worldwide 社: BASE24-eps,,,Integrated Reasech 社: Prognosis,Proprietary,,,Multiple Solution (OEM Supplied),Hyosung TNS 社: CMS(BlueVerse),인도,HDFC Bank,20
Hyosung TNS,Windows 10,ACI Worldwide 社: BASE24-eps,,,Integrated Reasech 社: Prognosis,Proprietary,,,Multiple Solution (OEM Supplied),Hyosung TNS 社: CMS(BlueVerse),인도,HDFC Bank,20
Hyosung TNS,Windows Server 2019,ACI Worldwide 社: BASE24-eps,,,Integrated Reasech 社: Prognosis,Proprietary,,,Multiple Solution (OEM Supplied),Hyosung TNS 社: CMS(BlueVerse),인도,HDFC Bank,20
Hyosung TNS,Windows XP,"FSS 社: Tango (NDC,NDC+, DDC)",,,Integrated Reasech 社: Prognosis,Proprietary,,,Multiple Solution (OEM Supplied),Hyosung TNS 社: CMS(BlueVerse),인도,State Bank of India,20
Hyosung TNS,Windows 7,"FSS 社: Tango (NDC,NDC+, DDC)",,,Integrated Reasech 社: Prognosis,Proprietary,,,Multiple Solution (OEM Supplied),Hyosung TNS 社: CMS(BlueVerse),인도,State Bank of India,20
Hyosung TNS,Windows 10,"FSS 社: Tango (NDC,NDC+, DDC)",,,Integrated Reasech 社: Prognosis,Proprietary,,,Multiple Solution (OEM Supplied),Hyosung TNS 社: CMS(BlueVerse),인도,State Bank of India,20
Hyosung TNS,Windows Server 2019,"FSS 社: Tango (NDC,NDC+, DDC)",,,Integrated Reasech 社: Prognosis,Proprietary,,,Multiple Solution (OEM Supplied),Hyosung TNS 社: CMS(BlueVerse),인도,State Bank of India,20
Hyosung TNS,Windows XP,"FSS 社: Tango (NDC,NDC+, DDC)",,,Integrated Reasech 社: Prognosis,Proprietary,,,Multiple Solution (OEM Supplied),Hyosung TNS 社: CMS(BlueVerse),인도,HDFC Bank,20
Hyosung TNS,Windows 7,"FSS 社: Tango (NDC,NDC+, DDC)",,,Integrated Reasech 社: Prognosis,Proprietary,,,Multiple Solution (OEM Supplied),Hyosung TNS 社: CMS(BlueVerse),인도,HDFC Bank,20
Hyosung TNS,Windows 10,"FSS 社: Tango (NDC,NDC+, DDC)",,,Integrated Reasech 社: Prognosis,Proprietary,,,Multiple Solution (OEM Supplied),Hyosung TNS 社: CMS(BlueVerse),인도,HDFC Bank,20
Hyosung TNS,Windows Server 2019,"FSS 社: Tango (NDC,NDC+, DDC)",,,Integrated Reasech 社: Prognosis,Proprietary,,,Multiple Solution (OEM Supplied),Hyosung TNS 社: CMS(BlueVerse),인도,HDFC Bank,20
Hyosung TNS,Windows XP,Mastercard 社: Electra EFT Switch,,,Integrated Reasech 社: Prognosis,Proprietary,,,Multiple Solution (OEM Supplied),Hyosung TNS 社: CMS(BlueVerse),인도,State Bank of India,20
Hyosung TNS,Windows 7,Mastercard 社: Electra EFT Switch,,,Integrated Reasech 社: Prognosis,Proprietary,,,Multiple Solution (OEM Supplied),Hyosung TNS 社: CMS(BlueVerse),인도,State Bank of India,20
Hyosung TNS,Windows 10,Mastercard 社: Electra EFT Switch,,,Integrated Reasech 社: Prognosis,Proprietary,,,Multiple Solution (OEM Supplied),Hyosung TNS 社: CMS(BlueVerse),인도,State Bank of India,20
Hyosung TNS,Windows Server 2019,Mastercard 社: Electra EFT Switch,,,Integrated Reasech 社: Prognosis,Proprietary,,,Multiple Solution (OEM Supplied),Hyosung TNS 社: CMS(BlueVerse),인도,State Bank of India,20
Hyosung TNS,Windows XP,Mastercard 社: Electra EFT Switch,,,Integrated Reasech 社: Prognosis,Proprietary,,,Multiple Solution (OEM Supplied),Hyosung TNS 社: CMS(BlueVerse),인도,HDFC Bank,20
Hyosung TNS,Windows 7,Mastercard 社: Electra EFT Switch,,,Integrated Reasech 社: Prognosis,Proprietary,,,Multiple Solution (OEM Supplied),Hyosung TNS 社: CMS(BlueVerse),인도,HDFC Bank,20
Hyosung TNS,Windows 10,Mastercard 社: Electra EFT Switch,,,Integrated Reasech 社: Prognosis,Proprietary,,,Multiple Solution (OEM Supplied),Hyosung TNS 社: CMS(BlueVerse),인도,HDFC Bank,20
Hyosung TNS,Windows Server 2019,Mastercard 社: Electra EFT Switch,,,Integrated Reasech 社: Prognosis,Proprietary,,,Multiple Solution (OEM Supplied),Hyosung TNS 社: CMS(BlueVerse),인도,HDFC Bank,20
Hyosung TNS,Windows XP,ACI Worldwide 社: BASE24-eps,,,FSS 社: FSS SwiftReach,Proprietary,,,Multiple Solution (OEM Supplied),Hyosung TNS 社: CMS(BlueVerse),인도,State Bank of India,20
Hyosung TNS,Windows 7,ACI Worldwide 社: BASE24-eps,,,FSS 社: FSS SwiftReach,Proprietary,,,Multiple Solution (OEM Supplied),Hyosung TNS 社: CMS(BlueVerse),인도,State Bank of India,20
Hyosung TNS,Windows 10,ACI Worldwide 社: BASE24-eps,,,FSS 社: FSS SwiftReach,Proprietary,,,Multiple Solution (OEM Supplied),Hyosung TNS 社: CMS(BlueVerse),인도,State Bank of India,20
Hyosung TNS,Windows Server 2019,ACI Worldwide 社: BASE24-eps,,,FSS 社: FSS SwiftReach,Proprietary,,,Multiple Solution (OEM Supplied),Hyosung TNS 社: CMS(BlueVerse),인도,State Bank of India,20
Hyosung TNS,Windows XP,ACI Worldwide 社: BASE24-eps,,,FSS 社: FSS SwiftReach,Proprietary,,,Multiple Solution (OEM Supplied),Hyosung TNS 社: CMS(BlueVerse),인도,HDFC Bank,20
Hyosung TNS,Windows 7,ACI Worldwide 社: BASE24-eps,,,FSS 社: FSS SwiftReach,Proprietary,,,Multiple Solution (OEM Supplied),Hyosung TNS 社: CMS(BlueVerse),인도,HDFC Bank,20
Hyosung TNS,Windows 10,ACI Worldwide 社: BASE24-eps,,,FSS 社: FSS SwiftReach,Proprietary,,,Multiple Solution (OEM Supplied),Hyosung TNS 社: CMS(BlueVerse),인도,HDFC Bank,20
Hyosung TNS,Windows Server 2019,ACI Worldwide 社: BASE24-eps,,,FSS 社: FSS SwiftReach,Proprietary,,,Multiple Solution (OEM Supplied),Hyosung TNS 社: CMS(BlueVerse),인도,HDFC Bank,20
Hyosung TNS,Windows XP,"FSS 社: Tango (NDC,NDC+, DDC)",,,FSS 社: FSS SwiftReach,Proprietary,,,Multiple Solution (OEM Supplied),Hyosung TNS 社: CMS(BlueVerse),인도,State Bank of India,20
Hyosung TNS,Windows 7,"FSS 社: Tango (NDC,NDC+, DDC)",,,FSS 社: FSS SwiftReach,Proprietary,,,Multiple Solution (OEM Supplied),Hyosung TNS 社: CMS(BlueVerse),인도,State Bank of India,20
Hyosung TNS,Windows 10,"FSS 社: Tango (NDC,NDC+, DDC)",,,FSS 社: FSS SwiftReach,Proprietary,,,Multiple Solution (OEM Supplied),Hyosung TNS 社: CMS(BlueVerse),인도,State Bank of India,20
Hyosung TNS,Windows Server 2019,"FSS 社: Tango (NDC,NDC+, DDC)",,,FSS 社: FSS SwiftReach,Proprietary,,,Multiple Solution (OEM Supplied),Hyosung TNS 社: CMS(BlueVerse),인도,State Bank of India,20
Hyosung TNS,Windows XP,"FSS 社: Tango (NDC,NDC+, DDC)",,,FSS 社: FSS SwiftReach,Proprietary,,,Multiple Solution (OEM Supplied),Hyosung TNS 社: CMS(BlueVerse),인도,HDFC Bank,20
Hyosung TNS,Windows 7,"FSS 社: Tango (NDC,NDC+, DDC)",,,FSS 社: FSS SwiftReach,Proprietary,,,Multiple Solution (OEM Supplied),Hyosung TNS 社: CMS(BlueVerse),인도,HDFC Bank,20
Hyosung TNS,Windows 10,"FSS 社: Tango (NDC,NDC+, DDC)",,,FSS 社: FSS SwiftReach,Proprietary,,,Multiple Solution (OEM Supplied),Hyosung TNS 社: CMS(BlueVerse),인도,HDFC Bank,20
Hyosung TNS,Windows Server 2019,"FSS 社: Tango (NDC,NDC+, DDC)",,,FSS 社: FSS SwiftReach,Proprietary,,,Multiple Solution (OEM Supplied),Hyosung TNS 社: CMS(BlueVerse),인도,HDFC Bank,20
Hyosung TNS,Windows XP,Mastercard 社: Electra EFT Switch,,,FSS 社: FSS SwiftReach,Proprietary,,,Multiple Solution (OEM Supplied),Hyosung TNS 社: CMS(BlueVerse),인도,State Bank of India,20
Hyosung TNS,Windows 7,Mastercard 社: Electra EFT Switch,,,FSS 社: FSS SwiftReach,Proprietary,,,Multiple Solution (OEM Supplied),Hyosung TNS 社: CMS(BlueVerse),인도,State Bank of India,20
Hyosung TNS,Windows 10,Mastercard 社: Electra EFT Switch,,,FSS 社: FSS SwiftReach,Proprietary,,,Multiple Solution (OEM Supplied),Hyosung TNS 社: CMS(BlueVerse),인도,State Bank of India,20
Hyosung TNS,Windows Server 2019,Mastercard 社: Electra EFT Switch,,,FSS 社: FSS SwiftReach,Proprietary,,,Multiple Solution (OEM Supplied),Hyosung TNS 社: CMS(BlueVerse),인도,State Bank of India,20
Hyosung TNS,Windows XP,Mastercard 社: Electra EFT Switch,,,FSS 社: FSS SwiftReach,Proprietary,,,Multiple Solution (OEM Supplied),Hyosung TNS 社: CMS(BlueVerse),인도,HDFC Bank,20
Hyosung TNS,Windows 7,Mastercard 社: Electra EFT Switch,,,FSS 社: FSS SwiftReach,Proprietary,,,Multiple Solution (OEM Supplied),Hyosung TNS 社: CMS(BlueVerse),인도,HDFC Bank,20
Hyosung TNS,Windows 10,Mastercard 社: Electra EFT Switch,,,FSS 社: FSS SwiftReach,Proprietary,,,Multiple Solution (OEM Supplied),Hyosung TNS 社: CMS(BlueVerse),인도,HDFC Bank,20
Hyosung TNS,Windows Server 2019,Mastercard 社: Electra EFT Switch,,,FSS 社: FSS SwiftReach,Proprietary,,,Multiple Solution (OEM Supplied),Hyosung TNS 社: CMS(BlueVerse),인도,HDFC Bank,20
Hyosung TNS,Windows XP,ACI Worldwide 社: BASE24-eps,,,Integrated Reasech 社: Prognosis,Proprietary,,,Multiple Solution (OEM Supplied),Hyosung TNS 社: CMS(BlueVerse),인도,State Bank of India,20
Hyosung TNS,Windows 7,ACI Worldwide 社: BASE24-eps,,,Integrated Reasech 社: Prognosis,Proprietary,,,Multiple Solution (OEM Supplied),Hyosung TNS 社: CMS(BlueVerse),인도,State Bank of India,20
Hyosung TNS,Windows 10,ACI Worldwide 社: BASE24-eps,,,Integrated Reasech 社: Prognosis,Proprietary,,,Multiple Solution (OEM Supplied),Hyosung TNS 社: CMS(BlueVerse),인도,State Bank of India,20
Hyosung TNS,Windows Server 2019,ACI Worldwide 社: BASE24-eps,,,Integrated Reasech 社: Prognosis,Proprietary,,,Multiple Solution (OEM Supplied),Hyosung TNS 社: CMS(BlueVerse),인도,State Bank of India,20
Hyosung TNS,Windows XP,ACI Worldwide 社: BASE24-eps,,,Integrated Reasech 社: Prognosis,Proprietary,,,Multiple Solution (OEM Supplied),Hyosung TNS 社: CMS(BlueVerse),인도,HDFC Bank,20
Hyosung TNS,Windows 7,ACI Worldwide 社: BASE24-eps,,,Integrated Reasech 社: Prognosis,Proprietary,,,Multiple Solution (OEM Supplied),Hyosung TNS 社: CMS(BlueVerse),인도,HDFC Bank,20
Hyosung TNS,Windows 10,ACI Worldwide 社: BASE24-eps,,,Integrated Reasech 社: Prognosis,Proprietary,,,Multiple Solution (OEM Supplied),Hyosung TNS 社: CMS(BlueVerse),인도,HDFC Bank,20
Hyosung TNS,Windows Server 2019,ACI Worldwide 社: BASE24-eps,,,Integrated Reasech 社: Prognosis,Proprietary,,,Multiple Solution (OEM Supplied),Hyosung TNS 社: CMS(BlueVerse),인도,HDFC Bank,20
Hyosung TNS,Windows XP,"FSS 社: Tango (NDC,NDC+, DDC)",,,Integrated Reasech 社: Prognosis,Proprietary,,,Multiple Solution (OEM Supplied),Hyosung TNS 社: CMS(BlueVerse),인도,State Bank of India,20
Hyosung TNS,Windows 7,"FSS 社: Tango (NDC,NDC+, DDC)",,,Integrated Reasech 社: Prognosis,Proprietary,,,Multiple Solution (OEM Supplied),Hyosung TNS 社: CMS(BlueVerse),인도,State Bank of India,20
Hyosung TNS,Windows 10,"FSS 社: Tango (NDC,NDC+, DDC)",,,Integrated Reasech 社: Prognosis,Proprietary,,,Multiple Solution (OEM Supplied),Hyosung TNS 社: CMS(BlueVerse),인도,State Bank of India,20
Hyosung TNS,Windows Server 2019,"FSS 社: Tango (NDC,NDC+, DDC)",,,Integrated Reasech 社: Prognosis,Proprietary,,,Multiple Solution (OEM Supplied),Hyosung TNS 社: CMS(BlueVerse),인도,State Bank of India,20
Hyosung TNS,Windows XP,"FSS 社: Tango (NDC,NDC+, DDC)",,,Integrated Reasech 社: Prognosis,Proprietary,,,Multiple Solution (OEM Supplied),Hyosung TNS 社: CMS(BlueVerse),인도,HDFC Bank,20
Hyosung TNS,Windows 7,"FSS 社: Tango (NDC,NDC+, DDC)",,,Integrated Reasech 社: Prognosis,Proprietary,,,Multiple Solution (OEM Supplied),Hyosung TNS 社: CMS(BlueVerse),인도,HDFC Bank,20
Hyosung TNS,Windows 10,"FSS 社: Tango (NDC,NDC+, DDC)",,,Integrated Reasech 社: Prognosis,Proprietary,,,Multiple Solution (OEM Supplied),Hyosung TNS 社: CMS(BlueVerse),인도,HDFC Bank,20
Hyosung TNS,Windows Server 2019,"FSS 社: Tango (NDC,NDC+, DDC)",,,Integrated Reasech 社: Prognosis,Proprietary,,,Multiple Solution (OEM Supplied),Hyosung TNS 社: CMS(BlueVerse),인도,HDFC Bank,20
Hyosung TNS,Windows XP,Mastercard 社: Electra EFT Switch,,,Integrated Reasech 社: Prognosis,Proprietary,,,Multiple Solution (OEM Supplied),Hyosung TNS 社: CMS(BlueVerse),인도,State Bank of India,20
Hyosung TNS,Windows 7,Mastercard 社: Electra EFT Switch,,,Integrated Reasech 社: Prognosis,Proprietary,,,Multiple Solution (OEM Supplied),Hyosung TNS 社: CMS(BlueVerse),인도,State Bank of India,20
Hyosung TNS,Windows 10,Mastercard 社: Electra EFT Switch,,,Integrated Reasech 社: Prognosis,Proprietary,,,Multiple Solution (OEM Supplied),Hyosung TNS 社: CMS(BlueVerse),인도,State Bank of India,20
Hyosung TNS,Windows Server 2019,Mastercard 社: Electra EFT Switch,,,Integrated Reasech 社: Prognosis,Proprietary,,,Multiple Solution (OEM Supplied),Hyosung TNS 社: CMS(BlueVerse),인도,State Bank of India,20
Hyosung TNS,Windows XP,Mastercard 社: Electra EFT Switch,,,Integrated Reasech 社: Prognosis,Proprietary,,,Multiple Solution (OEM Supplied),Hyosung TNS 社: CMS(BlueVerse),인도,HDFC Bank,20
Hyosung TNS,Windows 7,Mastercard 社: Electra EFT Switch,,,Integrated Reasech 社: Prognosis,Proprietary,,,Multiple Solution (OEM Supplied),Hyosung TNS 社: CMS(BlueVerse),인도,HDFC Bank,20
Hyosung TNS,Windows 10,Mastercard 社: Electra EFT Switch,,,Integrated Reasech 社: Prognosis,Proprietary,,,Multiple Solution (OEM Supplied),Hyosung TNS 社: CMS(BlueVerse),인도,HDFC Bank,20
Hyosung TNS,Windows Server 2019,Mastercard 社: Electra EFT Switch,,,Integrated Reasech 社: Prognosis,Proprietary,,,Multiple Solution (OEM Supplied),Hyosung TNS 社: CMS(BlueVerse),인도,HDFC Bank,20
Hyosung TNS,Windows XP,ACI Worldwide 社: BASE24-eps,,,FSS 社: FSS SwiftReach,Proprietary,,,Multiple Solution (OEM Supplied),Hyosung TNS 社: CMS(BlueVerse),영국,Lloyds Bank,20
Hyosung TNS,Windows 7,ACI Worldwide 社: BASE24-eps,,,FSS 社: FSS SwiftReach,Proprietary,,,Multiple Solution (OEM Supplied),Hyosung TNS 社: CMS(BlueVerse),영국,Lloyds Bank,20
Hyosung TNS,Windows 10,ACI Worldwide 社: BASE24-eps,,,FSS 社: FSS SwiftReach,Proprietary,,,Multiple Solution (OEM Supplied),Hyosung TNS 社: CMS(BlueVerse),영국,Lloyds Bank,20
Hyosung TNS,Windows Server 2019,ACI Worldwide 社: BASE24-eps,,,FSS 社: FSS SwiftReach,Proprietary,,,Multiple Solution (OEM Supplied),Hyosung TNS 社: CMS(BlueVerse),영국,Lloyds Bank,20
Hyosung TNS,Windows XP,ACI Worldwide 社: BASE24-eps,,,FSS 社: FSS SwiftReach,Proprietary,,,Multiple Solution (OEM Supplied),Hyosung TNS 社: CMS(BlueVerse),영국,HSBC,20
Hyosung TNS,Windows 7,ACI Worldwide 社: BASE24-eps,,,FSS 社: FSS SwiftReach,Proprietary,,,Multiple Solution (OEM Supplied),Hyosung TNS 社: CMS(BlueVerse),영국,HSBC,20
Hyosung TNS,Windows 10,ACI Worldwide 社: BASE24-eps,,,FSS 社: FSS SwiftReach,Proprietary,,,Multiple Solution (OEM Supplied),Hyosung TNS 社: CMS(BlueVerse),영국,HSBC,20
Hyosung TNS,Windows Server 2019,ACI Worldwide 社: BASE24-eps,,,FSS 社: FSS SwiftReach,Proprietary,,,Multiple Solution (OEM Supplied),Hyosung TNS 社: CMS(BlueVerse),영국,HSBC,20
Hyosung TNS,Windows XP,"FSS 社: Tango (NDC,NDC+, DDC)",,,FSS 社: FSS SwiftReach,Proprietary,,,Multiple Solution (OEM Supplied),Hyosung TNS 社: CMS(BlueVerse),영국,Lloyds Bank,20
Hyosung TNS,Windows 7,"FSS 社: Tango (NDC,NDC+, DDC)",,,FSS 社: FSS SwiftReach,Proprietary,,,Multiple Solution (OEM Supplied),Hyosung TNS 社: CMS(BlueVerse),영국,Lloyds Bank,20
Hyosung TNS,Windows 10,"FSS 社: Tango (NDC,NDC+, DDC)",,,FSS 社: FSS SwiftReach,Proprietary,,,Multiple Solution (OEM Supplied),Hyosung TNS 社: CMS(BlueVerse),영국,Lloyds Bank,20
Hyosung TNS,Windows Server 2019,"FSS 社: Tango (NDC,NDC+, DDC)",,,FSS 社: FSS SwiftReach,Proprietary,,,Multiple Solution (OEM Supplied),Hyosung TNS 社: CMS(BlueVerse),영국,Lloyds Bank,20
Hyosung TNS,Windows XP,"FSS 社: Tango (NDC,NDC+, DDC)",,,FSS 社: FSS SwiftReach,Proprietary,,,Multiple Solution (OEM Supplied),Hyosung TNS 社: CMS(BlueVerse),영국,HSBC,20
Hyosung TNS,Windows 7,"FSS 社: Tango (NDC,NDC+, DDC)",,,FSS 社: FSS SwiftReach,Proprietary,,,Multiple Solution (OEM Supplied),Hyosung TNS 社: CMS(BlueVerse),영국,HSBC,20
Hyosung TNS,Windows 10,"FSS 社: Tango (NDC,NDC+, DDC)",,,FSS 社: FSS SwiftReach,Proprietary,,,Multiple Solution (OEM Supplied),Hyosung TNS 社: CMS(BlueVerse),영국,HSBC,20
Hyosung TNS,Windows Server 2019,"FSS 社: Tango (NDC,NDC+, DDC)",,,FSS 社: FSS SwiftReach,Proprietary,,,Multiple Solution (OEM Supplied),Hyosung TNS 社: CMS(BlueVerse),영국,HSBC,20
Hyosung TNS,Windows XP,Mastercard 社: Electra EFT Switch,,,FSS 社: FSS SwiftReach,Proprietary,,,Multiple Solution (OEM Supplied),Hyosung TNS 社: CMS(BlueVerse),영국,Lloyds Bank,20
Hyosung TNS,Windows 7,Mastercard 社: Electra EFT Switch,,,FSS 社: FSS SwiftReach,Proprietary,,,Multiple Solution (OEM Supplied),Hyosung TNS 社: CMS(BlueVerse),영국,Lloyds Bank,20
Hyosung TNS,Windows 10,Mastercard 社: Electra EFT Switch,,,FSS 社: FSS SwiftReach,Proprietary,,,Multiple Solution (OEM Supplied),Hyosung TNS 社: CMS(BlueVerse),영국,Lloyds Bank,20
Hyosung TNS,Windows Server 2019,Mastercard 社: Electra EFT Switch,,,FSS 社: FSS SwiftReach,Proprietary,,,Multiple Solution (OEM Supplied),Hyosung TNS 社: CMS(BlueVerse),영국,Lloyds Bank,20
Hyosung TNS,Windows XP,Mastercard 社: Electra EFT Switch,,,FSS 社: FSS SwiftReach,Proprietary,,,Multiple Solution (OEM Supplied),Hyosung TNS 社: CMS(BlueVerse),영국,HSBC,20
Hyosung TNS,Windows 7,Mastercard 社: Electra EFT Switch,,,FSS 社: FSS SwiftReach,Proprietary,,,Multiple Solution (OEM Supplied),Hyosung TNS 社: CMS(BlueVerse),영국,HSBC,20
Hyosung TNS,Windows 10,Mastercard 社: Electra EFT Switch,,,FSS 社: FSS SwiftReach,Proprietary,,,Multiple Solution (OEM Supplied),Hyosung TNS 社: CMS(BlueVerse),영국,HSBC,20
Hyosung TNS,Windows Server 2019,Mastercard 社: Electra EFT Switch,,,FSS 社: FSS SwiftReach,Proprietary,,,Multiple Solution (OEM Supplied),Hyosung TNS 社: CMS(BlueVerse),영국,HSBC,20
Hyosung TNS,Windows XP,ACI Worldwide 社: BASE24-eps,,,Integrated Reasech 社: Prognosis,Proprietary,,,Multiple Solution (OEM Supplied),Hyosung TNS 社: CMS(BlueVerse),영국,Lloyds Bank,20
Hyosung TNS,Windows 7,ACI Worldwide 社: BASE24-eps,,,Integrated Reasech 社: Prognosis,Proprietary,,,Multiple Solution (OEM Supplied),Hyosung TNS 社: CMS(BlueVerse),영국,Lloyds Bank,20
Hyosung TNS,Windows 10,ACI Worldwide 社: BASE24-eps,,,Integrated Reasech 社: Prognosis,Proprietary,,,Multiple Solution (OEM Supplied),Hyosung TNS 社: CMS(BlueVerse),영국,Lloyds Bank,20
Hyosung TNS,Windows Server 2019,ACI Worldwide 社: BASE24-eps,,,Integrated Reasech 社: Prognosis,Proprietary,,,Multiple Solution (OEM Supplied),Hyosung TNS 社: CMS(BlueVerse),영국,Lloyds Bank,20
Hyosung TNS,Windows XP,ACI Worldwide 社: BASE24-eps,,,Integrated Reasech 社: Prognosis,Proprietary,,,Multiple Solution (OEM Supplied),Hyosung TNS 社: CMS(BlueVerse),영국,HSBC,20
Hyosung TNS,Windows 7,ACI Worldwide 社: BASE24-eps,,,Integrated Reasech 社: Prognosis,Proprietary,,,Multiple Solution (OEM Supplied),Hyosung TNS 社: CMS(BlueVerse),영국,HSBC,20
Hyosung TNS,Windows 10,ACI Worldwide 社: BASE24-eps,,,Integrated Reasech 社: Prognosis,Proprietary,,,Multiple Solution (OEM Supplied),Hyosung TNS 社: CMS(BlueVerse),영국,HSBC,20
Hyosung TNS,Windows Server 2019,ACI Worldwide 社: BASE24-eps,,,Integrated Reasech 社: Prognosis,Proprietary,,,Multiple Solution (OEM Supplied),Hyosung TNS 社: CMS(BlueVerse),영국,HSBC,20
Hyosung TNS,Windows XP,"FSS 社: Tango (NDC,NDC+, DDC)",,,Integrated Reasech 社: Prognosis,Proprietary,,,Multiple Solution (OEM Supplied),Hyosung TNS 社: CMS(BlueVerse),영국,Lloyds Bank,20
Hyosung TNS,Windows 7,"FSS 社: Tango (NDC,NDC+, DDC)",,,Integrated Reasech 社: Prognosis,Proprietary,,,Multiple Solution (OEM Supplied),Hyosung TNS 社: CMS(BlueVerse),영국,Lloyds Bank,20
Hyosung TNS,Windows 10,"FSS 社: Tango (NDC,NDC+, DDC)",,,Integrated Reasech 社: Prognosis,Proprietary,,,Multiple Solution (OEM Supplied),Hyosung TNS 社: CMS(BlueVerse),영국,Lloyds Bank,20
Hyosung TNS,Windows Server 2019,"FSS 社: Tango (NDC,NDC+, DDC)",,,Integrated Reasech 社: Prognosis,Proprietary,,,Multiple Solution (OEM Supplied),Hyosung TNS 社: CMS(BlueVerse),영국,Lloyds Bank,20
Hyosung TNS,Windows XP,"FSS 社: Tango (NDC,NDC+, DDC)",,,Integrated Reasech 社: Prognosis,Proprietary,,,Multiple Solution (OEM Supplied),Hyosung TNS 社: CMS(BlueVerse),영국,HSBC,20
Hyosung TNS,Windows 7,"FSS 社: Tango (NDC,NDC+, DDC)",,,Integrated Reasech 社: Prognosis,Proprietary,,,Multiple Solution (OEM Supplied),Hyosung TNS 社: CMS(BlueVerse),영국,HSBC,20
Hyosung TNS,Windows 10,"FSS 社: Tango (NDC,NDC+, DDC)",,,Integrated Reasech 社: Prognosis,Proprietary,,,Multiple Solution (OEM Supplied),Hyosung TNS 社: CMS(BlueVerse),영국,HSBC,20
Hyosung TNS,Windows Server 2019,"FSS 社: Tango (NDC,NDC+, DDC)",,,Integrated Reasech 社: Prognosis,Proprietary,,,Multiple Solution (OEM Supplied),Hyosung TNS 社: CMS(BlueVerse),영국,HSBC,20
Hyosung TNS,Windows XP,Mastercard 社: Electra EFT Switch,,,Integrated Reasech 社: Prognosis,Proprietary,,,Multiple Solution (OEM Supplied),Hyosung TNS 社: CMS(BlueVerse),영국,Lloyds Bank,20
Hyosung TNS,Windows 7,Mastercard 社: Electra EFT Switch,,,Integrated Reasech 社: Prognosis,Proprietary,,,Multiple Solution (OEM Supplied),Hyosung TNS 社: CMS(BlueVerse),영국,Lloyds Bank,20
Hyosung TNS,Windows 10,Mastercard 社: Electra EFT Switch,,,Integrated Reasech 社: Prognosis,Proprietary,,,Multiple Solution (OEM Supplied),Hyosung TNS 社: CMS(BlueVerse),영국,Lloyds Bank,20
Hyosung TNS,Windows Server 2019,Mastercard 社: Electra EFT Switch,,,Integrated Reasech 社: Prognosis,Proprietary,,,Multiple Solution (OEM Supplied),Hyosung TNS 社: CMS(BlueVerse),영국,Lloyds Bank,20
Hyosung TNS,Windows XP,Mastercard 社: Electra EFT Switch,,,Integrated Reasech 社: Prognosis,Proprietary,,,Multiple Solution (OEM Supplied),Hyosung TNS 社: CMS(BlueVerse),영국,HSBC,20
Hyosung TNS,Windows 7,Mastercard 社: Electra EFT Switch,,,Integrated Reasech 社: Prognosis,Proprietary,,,Multiple Solution (OEM Supplied),Hyosung TNS 社: CMS(BlueVerse),영국,HSBC,20
Hyosung TNS,Windows 10,Mastercard 社: Electra EFT Switch,,,Integrated Reasech 社: Prognosis,Proprietary,,,Multiple Solution (OEM Supplied),Hyosung TNS 社: CMS(BlueVerse),영국,HSBC,20
Hyosung TNS,Windows Server 2019,Mastercard 社: Electra EFT Switch,,,Integrated Reasech 社: Prognosis,Proprietary,,,Multiple Solution (OEM Supplied),Hyosung TNS 社: CMS(BlueVerse),영국,HSBC,31
Lipi Data System,Windows XP,ACI Worldwide 社: BASE24-eps,,,Integrated Reasech 社: Prognosis,Proprietary,,,Multiple Solution (OEM Supplied),Hyosung TNS 社: CMS(BlueVerse),영국,Lloyds Bank,31
Lipi Data System,Windows 7,ACI Worldwide 社: BASE24-eps,,,Integrated Reasech 社: Prognosis,Proprietary,,,Multiple Solution (OEM Supplied),Hyosung TNS 社: CMS(BlueVerse),영국,Lloyds Bank,32
Lipi Data System,Windows 10,ACI Worldwide 社: BASE24-eps,,,Integrated Reasech 社: Prognosis,Proprietary,,,Multiple Solution (OEM Supplied),Hyosung TNS 社: CMS(BlueVerse),영국,Lloyds Bank,33
Lipi Data System,Windows Server 2019,ACI Worldwide 社: BASE24-eps,,,Integrated Reasech 社: Prognosis,Proprietary,,,Multiple Solution (OEM Supplied),Hyosung TNS 社: CMS(BlueVerse),영국,Lloyds Bank,34
Lipi Data System,Windows XP,ACI Worldwide 社: BASE24-eps,,,Integrated Reasech 社: Prognosis,Proprietary,,,Multiple Solution (OEM Supplied),Hyosung TNS 社: CMS(BlueVerse),미국,Citibank,35
Lipi Data System,Windows 7,ACI Worldwide 社: BASE24-eps,,,Integrated Reasech 社: Prognosis,Proprietary,,,Multiple Solution (OEM Supplied),Hyosung TNS 社: CMS(BlueVerse),미국,Citibank,36
Lipi Data System,Windows 10,ACI Worldwide 社: BASE24-eps,,,Integrated Reasech 社: Prognosis,Proprietary,,,Multiple Solution (OEM Supplied),Hyosung TNS 社: CMS(BlueVerse),미국,Citibank,37
Lipi Data System,Windows Server 2019,ACI Worldwide 社: BASE24-eps,,,Integrated Reasech 社: Prognosis,Proprietary,,,Multiple Solution (OEM Supplied),Hyosung TNS 社: CMS(BlueVerse),미국,Citibank,38
Lipi Data System,Windows XP,"FSS 社: Tango (NDC,NDC+, DDC)",,,Integrated Reasech 社: Prognosis,Proprietary,,,Multiple Solution (OEM Supplied),Hyosung TNS 社: CMS(BlueVerse),영국,Lloyds Bank,39
Lipi Data System,Windows 7,"FSS 社: Tango (NDC,NDC+, DDC)",,,Integrated Reasech 社: Prognosis,Proprietary,,,Multiple Solution (OEM Supplied),Hyosung TNS 社: CMS(BlueVerse),영국,Lloyds Bank,30
Lipi Data System,Windows 10,"FSS 社: Tango (NDC,NDC+, DDC)",,,Integrated Reasech 社: Prognosis,Proprietary,,,Multiple Solution (OEM Supplied),Hyosung TNS 社: CMS(BlueVerse),영국,Lloyds Bank,39
Lipi Data System,Windows Server 2019,"FSS 社: Tango (NDC,NDC+, DDC)",,,Integrated Reasech 社: Prognosis,Proprietary,,,Multiple Solution (OEM Supplied),Hyosung TNS 社: CMS(BlueVerse),영국,Lloyds Bank,30
Lipi Data System,Windows XP,"FSS 社: Tango (NDC,NDC+, DDC)",,,Integrated Reasech 社: Prognosis,Proprietary,,,Multiple Solution (OEM Supplied),Hyosung TNS 社: CMS(BlueVerse),독일,Deutsche Bank,30
Lipi Data System,Windows 7,"FSS 社: Tango (NDC,NDC+, DDC)",,,Integrated Reasech 社: Prognosis,Proprietary,,,Multiple Solution (OEM Supplied),Hyosung TNS 社: CMS(BlueVerse),독일,Deutsche Bank,36
Lipi Data System,Windows 10,"FSS 社: Tango (NDC,NDC+, DDC)",,,Integrated Reasech 社: Prognosis,Proprietary,,,Multiple Solution (OEM Supplied),Hyosung TNS 社: CMS(BlueVerse),독일,Deutsche Bank,35
Lipi Data System,Windows Server 2019,"FSS 社: Tango (NDC,NDC+, DDC)",,,Integrated Reasech 社: Prognosis,Proprietary,,,Multiple Solution (OEM Supplied),Hyosung TNS 社: CMS(BlueVerse),독일,Deutsche Bank,34
Lipi Data System,Windows XP,Mastercard 社: Electra EFT Switch,,,Integrated Reasech 社: Prognosis,Proprietary,,,Multiple Solution (OEM Supplied),Hyosung TNS 社: CMS(BlueVerse),인도,State Bank of India,33
Lipi Data System,Windows 7,Mastercard 社: Electra EFT Switch,,,Integrated Reasech 社: Prognosis,Proprietary,,,Multiple Solution (OEM Supplied),Hyosung TNS 社: CMS(BlueVerse),인도,State Bank of India,32
Lipi Data System,Windows 10,Mastercard 社: Electra EFT Switch,,,Integrated Reasech 社: Prognosis,Proprietary,,,Multiple Solution (OEM Supplied),Hyosung TNS 社: CMS(BlueVerse),인도,State Bank of India,31
Lipi Data System,Windows Server 2019,Mastercard 社: Electra EFT Switch,,,Integrated Reasech 社: Prognosis,Proprietary,,,Multiple Solution (OEM Supplied),Hyosung TNS 社: CMS(BlueVerse),인도,State Bank of India,30
Lipi Data System,Windows XP,Mastercard 社: Electra EFT Switch,,,Integrated Reasech 社: Prognosis,Proprietary,,,Multiple Solution (OEM Supplied),Hyosung TNS 社: CMS(BlueVerse),인도,HDFC Bank,30
Lipi Data System,Windows 7,Mastercard 社: Electra EFT Switch,,,Integrated Reasech 社: Prognosis,Proprietary,,,Multiple Solution (OEM Supplied),Hyosung TNS 社: CMS(BlueVerse),인도,HDFC Bank,30
Lipi Data System,Windows 10,Mastercard 社: Electra EFT Switch,,,Integrated Reasech 社: Prognosis,Proprietary,,,Multiple Solution (OEM Supplied),Hyosung TNS 社: CMS(BlueVerse),인도,HDFC Bank,30
Lipi Data System,Windows Server 2019,Mastercard 社: Electra EFT Switch,,,Integrated Reasech 社: Prognosis,Proprietary,,,Multiple Solution (OEM Supplied),Hyosung TNS 社: CMS(BlueVerse),인도,HDFC Bank,30
